image_path,object_filename,memscore
img/things/aardvark.png,aardvark.png,0.8885459899902344
img/things/abacus.png,abacus.png,0.9299437999725342
img/things/accordion.png,accordion.png,0.7518782615661621
img/things/acorn.png,acorn.png,0.8989747762680054
img/things/air_mattress.png,air_mattress.png,0.8021144866943359
img/things/air_pump.png,air_pump.png,0.778400719165802
img/things/airbag.png,airbag.png,0.8825919032096863
img/things/airboat.png,airboat.png,0.5741849541664124
img/things/aircraft_carrier.png,aircraft_carrier.png,0.7314049601554871
img/things/airplane.png,airplane.png,0.715260922908783
img/things/album.png,album.png,0.7475541830062866
img/things/alligator.png,alligator.png,0.8338696956634521
img/things/almond.png,almond.png,0.8863832354545593
img/things/aloe.png,aloe.png,0.9094705581665039
img/things/alpaca.png,alpaca.png,0.823731005191803
img/things/altar.png,altar.png,0.7218185663223267
img/things/aluminum_foil.png,aluminum_foil.png,0.8390861749649048
img/things/amber.png,amber.png,0.8604188561439514
img/things/ambulance.png,ambulance.png,0.8646783828735352
img/things/amplifier.png,amplifier.png,0.8283780813217163
img/things/anchor.png,anchor.png,0.6639772057533264
img/things/ankle.png,ankle.png,0.8693259954452515
img/things/anklet.png,anklet.png,0.8545671701431274
img/things/anteater.png,anteater.png,0.6176117062568665
img/things/antelope.png,antelope.png,0.7732360363006592
img/things/antenna.png,antenna.png,0.8211618065834045
img/things/anvil.png,anvil.png,0.8691315054893494
img/things/appetizer.png,appetizer.png,0.9002628922462463
img/things/apple_tree.png,apple_tree.png,0.6122199892997742
img/things/applesauce.png,applesauce.png,0.8859566450119019
img/things/apron.png,apron.png,0.8047592639923096
img/things/aquarium.png,aquarium.png,0.6769629120826721
img/things/arch.png,arch.png,0.7659618258476257
img/things/arm.png,arm.png,0.867785632610321
img/things/armor.png,armor.png,0.8138863444328308
img/things/arrow.png,arrow.png,0.7898451685905457
img/things/artichoke.png,artichoke.png,0.8721033930778503
img/things/arugula.png,arugula.png,0.8317007422447205
img/things/ashtray.png,ashtray.png,0.804138720035553
img/things/asparagus.png,asparagus.png,0.845981776714325
img/things/avocado.png,avocado.png,0.8769093751907349
img/things/awning.png,awning.png,0.8659279942512512
img/things/axe.png,axe.png,0.8962187170982361
img/things/baby.png,baby.png,0.8248252272605896
img/things/backdrop.png,backdrop.png,0.7445714473724365
img/things/backgammon.png,backgammon.png,0.8073175549507141
img/things/backpack.png,backpack.png,0.8142596483230591
img/things/backscratcher.png,backscratcher.png,0.8810438513755798
img/things/bacon.png,bacon.png,0.8037516474723816
img/things/badge.png,badge.png,0.8549482822418213
img/things/badger.png,badger.png,0.8257007598876953
img/things/bag.png,bag.png,0.8920378684997559
img/things/bagel.png,bagel.png,0.9716193675994873
img/things/bagpipe.png,bagpipe.png,0.9166861772537231
img/things/baklava.png,baklava.png,0.7805055379867554
img/things/balance_beam.png,balance_beam.png,0.8392463326454163
img/things/ball.png,ball.png,0.7613508701324463
img/things/balloon.png,balloon.png,0.8728381991386414
img/things/ballot_box.png,ballot_box.png,0.7848222851753235
img/things/bamboo.png,bamboo.png,0.6479008793830872
img/things/banana.png,banana.png,0.8982402086257935
img/things/banana_peel.png,banana_peel.png,0.8662946820259094
img/things/banana_split.png,banana_split.png,0.7855855226516724
img/things/bandage.png,bandage.png,0.9578790068626404
img/things/bandanna.png,bandanna.png,0.7191476225852966
img/things/banjo.png,banjo.png,0.8227488994598389
img/things/bank.png,bank.png,0.9453291296958923
img/things/banner.png,banner.png,0.7127144932746887
img/things/barbed_wire.png,barbed_wire.png,0.8968930840492249
img/things/barbell.png,barbell.png,0.8773341774940491
img/things/barcode.png,barcode.png,0.787539541721344
img/things/bark.png,bark.png,0.7257451415061951
img/things/barnacle.png,barnacle.png,0.7661430835723877
img/things/barrel.png,barrel.png,0.8346843719482422
img/things/barrette.png,barrette.png,0.9666519165039062
img/things/baseball.png,baseball.png,0.7315837144851685
img/things/baseball_bat.png,baseball_bat.png,0.7532273530960083
img/things/baseball_glove.png,baseball_glove.png,0.9220067262649536
img/things/basil.png,basil.png,0.8360764980316162
img/things/basket.png,basket.png,0.9089637994766235
img/things/basketball.png,basketball.png,0.9498848915100098
img/things/basketball_hoop.png,basketball_hoop.png,0.784939706325531
img/things/bassinet.png,bassinet.png,0.9022278785705566
img/things/bassoon.png,bassoon.png,0.8255208134651184
img/things/bat1.png,bat1.png,0.9334054589271545
img/things/bat2.png,bat2.png,0.8212676644325256
img/things/bathmat.png,bathmat.png,0.7630407214164734
img/things/bathrobe.png,bathrobe.png,0.8827715516090393
img/things/bathtub.png,bathtub.png,0.8270438313484192
img/things/baton1.png,baton1.png,0.8507397770881653
img/things/baton2.png,baton2.png,0.8821119070053101
img/things/baton3.png,baton3.png,0.7353217005729675
img/things/baton4.png,baton4.png,0.7368354201316833
img/things/batter.png,batter.png,0.8311815857887268
img/things/battery.png,battery.png,0.7981140613555908
img/things/bazooka.png,bazooka.png,0.7693631052970886
img/things/beachball.png,beachball.png,0.8302899599075317
img/things/bead.png,bead.png,0.9024302363395691
img/things/beaker.png,beaker.png,0.8110632300376892
img/things/bean.png,bean.png,0.9326875805854797
img/things/beanbag.png,beanbag.png,0.8412320017814636
img/things/beanie.png,beanie.png,0.8717130422592163
img/things/bear.png,bear.png,0.8237683773040771
img/things/beard.png,beard.png,0.9184556603431702
img/things/beaver.png,beaver.png,0.9553074240684509
img/things/bed.png,bed.png,0.7276208400726318
img/things/bedpan.png,bedpan.png,0.865568995475769
img/things/bedpost.png,bedpost.png,0.6780089735984802
img/things/beehive.png,beehive.png,0.7630049586296082
img/things/beer.png,beer.png,0.9187290668487549
img/things/beet.png,beet.png,0.9510056972503662
img/things/bell.png,bell.png,0.7785647511482239
img/things/bell_pepper.png,bell_pepper.png,0.7642821073532104
img/things/belt.png,belt.png,0.9112274646759033
img/things/belt_buckle.png,belt_buckle.png,0.8340077996253967
img/things/bench.png,bench.png,0.7462024688720703
img/things/berry.png,berry.png,0.780220091342926
img/things/bib.png,bib.png,0.8725888133049011
img/things/bike.png,bike.png,0.7944527864456177
img/things/bikini.png,bikini.png,0.9285950064659119
img/things/bin.png,bin.png,0.8776717782020569
img/things/binder.png,binder.png,0.7841886281967163
img/things/binoculars.png,binoculars.png,0.7147200107574463
img/things/bird.png,bird.png,0.7713854908943176
img/things/birdbath.png,birdbath.png,0.880010724067688
img/things/birdcage.png,birdcage.png,0.7388123869895935
img/things/birdhouse.png,birdhouse.png,0.7122918963432312
img/things/birthday_cake.png,birthday_cake.png,0.7648852467536926
img/things/biscuit.png,biscuit.png,0.859046220779419
img/things/bison.png,bison.png,0.7473477721214294
img/things/blackberry.png,blackberry.png,0.8532496690750122
img/things/blanket.png,blanket.png,0.8476877808570862
img/things/blazer.png,blazer.png,0.8813275694847107
img/things/blender.png,blender.png,0.8412603139877319
img/things/blimp.png,blimp.png,0.7912655472755432
img/things/blind.png,blind.png,0.7352647185325623
img/things/blinder.png,blinder.png,0.7363224029541016
img/things/blindfold.png,blindfold.png,0.779198944568634
img/things/block.png,block.png,0.9341439604759216
img/things/blouse.png,blouse.png,0.8308497667312622
img/things/blower.png,blower.png,0.899739146232605
img/things/blowfish.png,blowfish.png,0.9175556898117065
img/things/blowgun.png,blowgun.png,0.8950281143188477
img/things/blowtorch.png,blowtorch.png,0.8160236477851868
img/things/blueberry.png,blueberry.png,0.8839458227157593
img/things/boa.png,boa.png,0.8761265873908997
img/things/boar.png,boar.png,0.7883791327476501
img/things/board.png,board.png,0.8245362043380737
img/things/board_game.png,board_game.png,0.8184258341789246
img/things/boat.png,boat.png,0.7949494123458862
img/things/bobsled.png,bobsled.png,0.8618668913841248
img/things/bok_choy.png,bok_choy.png,0.8451420664787292
img/things/bolo_tie.png,bolo_tie.png,0.9201338291168213
img/things/bologna.png,bologna.png,0.7225869297981262
img/things/bolt.png,bolt.png,0.9113523960113525
img/things/bomb.png,bomb.png,0.9083430767059326
img/things/bone.png,bone.png,0.6912526488304138
img/things/bongo.png,bongo.png,0.6628774404525757
img/things/bonnet.png,bonnet.png,0.7784518003463745
img/things/bonsai.png,bonsai.png,0.826125979423523
img/things/book.png,book.png,0.9039402604103088
img/things/bookmark.png,bookmark.png,0.867436945438385
img/things/bookshelf.png,bookshelf.png,0.709585428237915
img/things/boomerang.png,boomerang.png,0.9570580720901489
img/things/boot.png,boot.png,0.8077464699745178
img/things/bottle.png,bottle.png,0.883121132850647
img/things/bottle_opener.png,bottle_opener.png,0.8333253264427185
img/things/boulder.png,boulder.png,0.7363828420639038
img/things/bouquet.png,bouquet.png,0.7138084769248962
img/things/bow1.png,bow1.png,0.8629881143569946
img/things/bow2.png,bow2.png,0.824215829372406
img/things/bow3.png,bow3.png,0.815566897392273
img/things/bowl.png,bowl.png,0.8990405797958374
img/things/bowler_hat.png,bowler_hat.png,0.7259721159934998
img/things/bowling_ball.png,bowling_ball.png,0.8305684328079224
img/things/bowtie.png,bowtie.png,0.9390609264373779
img/things/box.png,box.png,0.8123858571052551
img/things/boxer_shorts.png,boxer_shorts.png,0.7752547264099121
img/things/boxing_gloves.png,boxing_gloves.png,0.9432272911071777
img/things/boy.png,boy.png,0.8921515345573425
img/things/bra.png,bra.png,0.8322499990463257
img/things/brace.png,brace.png,0.9360318779945374
img/things/bracelet1.png,bracelet1.png,0.8877667784690857
img/things/bracelet2.png,bracelet2.png,0.9043111205101013
img/things/bracket.png,bracket.png,0.9087275862693787
img/things/braid.png,braid.png,0.8282194137573242
img/things/brake.png,brake.png,0.8441311120986938
img/things/branch.png,branch.png,0.6959457397460938
img/things/brass_knuckles.png,brass_knuckles.png,0.7968721985816956
img/things/bread.png,bread.png,0.8624041080474854
img/things/breadbox.png,breadbox.png,0.8364310264587402
img/things/breadstick.png,breadstick.png,0.9632683396339417
img/things/breakfast.png,breakfast.png,0.7899764180183411
img/things/breathalyzer.png,breathalyzer.png,0.741982638835907
img/things/brick.png,brick.png,0.9563241600990295
img/things/briefcase.png,briefcase.png,0.9113835096359253
img/things/broccoli.png,broccoli.png,0.8235360980033875
img/things/brooch.png,brooch.png,0.8646324872970581
img/things/broom.png,broom.png,0.8217846751213074
img/things/brownie.png,brownie.png,0.871202290058136
img/things/brush.png,brush.png,0.811376690864563
img/things/brussels_sprouts.png,brussels_sprouts.png,0.8634018898010254
img/things/bubble.png,bubble.png,0.8246994614601135
img/things/bubble_wrap.png,bubble_wrap.png,0.891920804977417
img/things/bucket.png,bucket.png,0.9067120552062988
img/things/buckle.png,buckle.png,0.8512563705444336
img/things/buffet.png,buffet.png,0.6826614737510681
img/things/buggy.png,buggy.png,0.7618311643600464
img/things/bull.png,bull.png,0.7310314774513245
img/things/bulldozer.png,bulldozer.png,0.6429412961006165
img/things/bullet.png,bullet.png,0.8810086846351624
img/things/bulletin_board.png,bulletin_board.png,0.9321320652961731
img/things/bulletproof_vest.png,bulletproof_vest.png,0.7339766621589661
img/things/bumper.png,bumper.png,0.7956222891807556
img/things/bun.png,bun.png,0.8949531316757202
img/things/bungee.png,bungee.png,0.8530093431472778
img/things/bunkbed.png,bunkbed.png,0.8101310133934021
img/things/buoy.png,buoy.png,0.8921613097190857
img/things/burner.png,burner.png,0.7170369029045105
img/things/burrito.png,burrito.png,0.8459596633911133
img/things/bus.png,bus.png,0.8198700547218323
img/things/bush.png,bush.png,0.841238796710968
img/things/butter.png,butter.png,0.8303852081298828
img/things/button1.png,button1.png,0.854225754737854
img/things/button2.png,button2.png,0.9099149703979492
img/things/cabbage.png,cabbage.png,0.8764148950576782
img/things/cabinet.png,cabinet.png,0.8689837455749512
img/things/cable.png,cable.png,0.9720048308372498
img/things/cactus.png,cactus.png,0.8281662464141846
img/things/cage.png,cage.png,0.6538264751434326
img/things/cake.png,cake.png,0.7890906929969788
img/things/cake_mix.png,cake_mix.png,0.8011652827262878
img/things/calamari.png,calamari.png,0.6427010297775269
img/things/calculator.png,calculator.png,0.8636447191238403
img/things/calf1.png,calf1.png,0.8857120275497437
img/things/calf2.png,calf2.png,0.7740863561630249
img/things/calzone.png,calzone.png,0.8079457879066467
img/things/camcorder.png,camcorder.png,0.7289501428604126
img/things/camel.png,camel.png,0.7581542730331421
img/things/camera1.png,camera1.png,0.8278846144676208
img/things/camera2.png,camera2.png,0.8264684677124023
img/things/camera_lens.png,camera_lens.png,0.822258472442627
img/things/camper.png,camper.png,0.7819117307662964
img/things/can.png,can.png,0.8541167974472046
img/things/can_opener.png,can_opener.png,0.8704741597175598
img/things/candelabra.png,candelabra.png,0.7462857961654663
img/things/candle.png,candle.png,0.7676240801811218
img/things/candlestick.png,candlestick.png,0.9226834774017334
img/things/candy.png,candy.png,0.9259371161460876
img/things/candy_bar.png,candy_bar.png,0.8830013275146484
img/things/candy_cane.png,candy_cane.png,0.9399297833442688
img/things/cane.png,cane.png,0.8866816759109497
img/things/canister.png,canister.png,0.8626731634140015
img/things/cannon.png,cannon.png,0.8763545751571655
img/things/cannonball.png,cannonball.png,0.8533477187156677
img/things/canoe.png,canoe.png,0.6668949723243713
img/things/cantaloupe.png,cantaloupe.png,0.9794826507568359
img/things/canvas.png,canvas.png,0.8028445243835449
img/things/cap.png,cap.png,0.7972578406333923
img/things/cape.png,cape.png,0.923246443271637
img/things/car.png,car.png,0.7074764966964722
img/things/car_door.png,car_door.png,0.8095195889472961
img/things/car_seat.png,car_seat.png,0.7851639986038208
img/things/caramel.png,caramel.png,0.9028588533401489
img/things/card.png,card.png,0.8214800953865051
img/things/cardboard.png,cardboard.png,0.9288947582244873
img/things/cardigan.png,cardigan.png,0.947306215763092
img/things/cardinal.png,cardinal.png,0.7935248017311096
img/things/carousel.png,carousel.png,0.7476605772972107
img/things/carriage.png,carriage.png,0.6581723690032959
img/things/carrot.png,carrot.png,0.8873462080955505
img/things/cart.png,cart.png,0.8284623026847839
img/things/cash_machine.png,cash_machine.png,0.8728170394897461
img/things/cash_register.png,cash_register.png,0.8250914812088013
img/things/cashew.png,cashew.png,0.9839280247688293
img/things/casserole.png,casserole.png,0.6927551627159119
img/things/cassette.png,cassette.png,0.809060275554657
img/things/cat.png,cat.png,0.675736665725708
img/things/catapult.png,catapult.png,0.7601147890090942
img/things/catfish.png,catfish.png,0.8720688223838806
img/things/cauliflower.png,cauliflower.png,0.7706704139709473
img/things/caviar.png,caviar.png,0.9209563136100769
img/things/cd_player.png,cd_player.png,0.8095751404762268
img/things/celery.png,celery.png,0.8290926814079285
img/things/cello.png,cello.png,0.7979931831359863
img/things/cellphone.png,cellphone.png,0.9440553784370422
img/things/cement_mixer.png,cement_mixer.png,0.8953463435173035
img/things/centerpiece.png,centerpiece.png,0.789802074432373
img/things/centrifuge.png,centrifuge.png,0.752765953540802
img/things/cereal.png,cereal.png,0.8378905057907104
img/things/chain.png,chain.png,0.799907386302948
img/things/chainsaw.png,chainsaw.png,0.8360699415206909
img/things/chair.png,chair.png,0.8601353168487549
img/things/chalice.png,chalice.png,0.7504447102546692
img/things/chalk.png,chalk.png,0.9160591959953308
img/things/chalkboard.png,chalkboard.png,0.8398388624191284
img/things/champagne.png,champagne.png,0.9200881123542786
img/things/chandelier.png,chandelier.png,0.855678379535675
img/things/chaps.png,chaps.png,0.7959394454956055
img/things/charcoal.png,charcoal.png,0.6167512536048889
img/things/charger.png,charger.png,0.9641305804252625
img/things/chariot.png,chariot.png,0.6838529109954834
img/things/checkbook.png,checkbook.png,0.8163078427314758
img/things/checkers.png,checkers.png,0.7874109148979187
img/things/cheese.png,cheese.png,0.880557656288147
img/things/cheeseburger.png,cheeseburger.png,0.8473679423332214
img/things/cheesecake.png,cheesecake.png,0.9042122960090637
img/things/cheetah.png,cheetah.png,0.7291319966316223
img/things/cherry.png,cherry.png,0.8727271556854248
img/things/chess_piece.png,chess_piece.png,0.8407162427902222
img/things/chessboard.png,chessboard.png,0.8275004625320435
img/things/chest1.png,chest1.png,0.918525755405426
img/things/chest2.png,chest2.png,0.7788923382759094
img/things/chick.png,chick.png,0.8003646731376648
img/things/chicken1.png,chicken1.png,0.9679316878318787
img/things/chicken2.png,chicken2.png,0.8648635149002075
img/things/chicken_wire.png,chicken_wire.png,0.9205288290977478
img/things/chickpea.png,chickpea.png,0.9352087378501892
img/things/chihuahua.png,chihuahua.png,0.8000167608261108
img/things/chili.png,chili.png,0.8297761678695679
img/things/chime.png,chime.png,0.7206903696060181
img/things/chimney.png,chimney.png,0.7232174873352051
img/things/chin.png,chin.png,0.8695088028907776
img/things/chinaware.png,chinaware.png,0.8145427107810974
img/things/chinchilla.png,chinchilla.png,0.8545776605606079
img/things/chip.png,chip.png,0.9227171540260315
img/things/chipmunk.png,chipmunk.png,0.8481700420379639
img/things/chips.png,chips.png,0.9385867714881897
img/things/chisel.png,chisel.png,0.8966732621192932
img/things/chive.png,chive.png,0.8417882323265076
img/things/chocolate.png,chocolate.png,0.8953417539596558
img/things/chopsticks.png,chopsticks.png,0.8866567611694336
img/things/christmas_card.png,christmas_card.png,0.8089431524276733
img/things/christmas_tree.png,christmas_tree.png,0.7674825191497803
img/things/chute.png,chute.png,0.7368241548538208
img/things/cigar.png,cigar.png,0.9124457240104675
img/things/cigarette.png,cigarette.png,0.814293622970581
img/things/cigarette_butt.png,cigarette_butt.png,0.8693839311599731
img/things/cigarette_holder.png,cigarette_holder.png,0.8647142052650452
img/things/cilantro.png,cilantro.png,0.7517237663269043
img/things/cinnamon.png,cinnamon.png,0.8822392821311951
img/things/clam.png,clam.png,0.9416192173957825
img/things/clarinet.png,clarinet.png,0.7873583436012268
img/things/clasp.png,clasp.png,0.8817375898361206
img/things/clay.png,clay.png,0.7533338069915771
img/things/cleat.png,cleat.png,0.9395321607589722
img/things/cleaver.png,cleaver.png,0.8668235540390015
img/things/clipboard.png,clipboard.png,0.8890858888626099
img/things/clipper1.png,clipper1.png,0.8547667860984802
img/things/clipper2.png,clipper2.png,0.8420958518981934
img/things/cloak.png,cloak.png,0.8054203987121582
img/things/clock.png,clock.png,0.7882375717163086
img/things/closet.png,closet.png,0.7612031102180481
img/things/clothes.png,clothes.png,0.7758556604385376
img/things/clothesline.png,clothesline.png,0.8429504632949829
img/things/clothespin.png,clothespin.png,0.9552896022796631
img/things/cloud.png,cloud.png,0.6820467710494995
img/things/clove.png,clove.png,0.8115776181221008
img/things/clover.png,clover.png,0.8801468014717102
img/things/coal.png,coal.png,0.8631492853164673
img/things/coaster.png,coaster.png,0.7977799773216248
img/things/coat.png,coat.png,0.8289473652839661
img/things/coat_rack.png,coat_rack.png,0.8952674865722656
img/things/cobra.png,cobra.png,0.8028416037559509
img/things/cockatoo.png,cockatoo.png,0.8632053732872009
img/things/cocktail.png,cocktail.png,0.8063685297966003
img/things/coconut.png,coconut.png,0.8271849155426025
img/things/cocoon.png,cocoon.png,0.8102757334709167
img/things/coffee.png,coffee.png,0.9376050233840942
img/things/coffee_bean.png,coffee_bean.png,0.9374780654907227
img/things/coffee_filter.png,coffee_filter.png,0.8779379725456238
img/things/coffee_pot.png,coffee_pot.png,0.7718832492828369
img/things/coffee_table.png,coffee_table.png,0.7772438526153564
img/things/coffeemaker.png,coffeemaker.png,0.8725258111953735
img/things/coffin.png,coffin.png,0.6686110496520996
img/things/coil.png,coil.png,0.9016717076301575
img/things/coin.png,coin.png,0.8325536847114563
img/things/coleslaw.png,coleslaw.png,0.8245204091072083
img/things/collar.png,collar.png,0.863814115524292
img/things/column.png,column.png,0.8791933655738831
img/things/comb.png,comb.png,0.8048807382583618
img/things/combination_lock.png,combination_lock.png,0.9656863212585449
img/things/comic_book.png,comic_book.png,0.5787771344184875
img/things/compass.png,compass.png,0.8983715176582336
img/things/compost.png,compost.png,0.7935949563980103
img/things/computer.png,computer.png,0.807754635810852
img/things/computer_screen.png,computer_screen.png,0.7005621194839478
img/things/confetti.png,confetti.png,0.7746260166168213
img/things/contact_lens.png,contact_lens.png,0.9340029358863831
img/things/container.png,container.png,0.8176931738853455
img/things/cooker.png,cooker.png,0.9595822691917419
img/things/cookie.png,cookie.png,0.7965745329856873
img/things/cookie_cutter.png,cookie_cutter.png,0.6338115334510803
img/things/cookie_sheet.png,cookie_sheet.png,0.9028922915458679
img/things/cooler.png,cooler.png,0.9102067351341248
img/things/coop.png,coop.png,0.6821279525756836
img/things/copier.png,copier.png,0.8246943354606628
img/things/coral.png,coral.png,0.5805685520172119
img/things/cord.png,cord.png,0.8858866691589355
img/things/cordon_bleu.png,cordon_bleu.png,0.8556896448135376
img/things/cork.png,cork.png,0.9116653203964233
img/things/corkboard.png,corkboard.png,0.8961171507835388
img/things/corkscrew.png,corkscrew.png,0.9391156435012817
img/things/corn.png,corn.png,0.8167790174484253
img/things/cornbread.png,cornbread.png,0.7833080887794495
img/things/cornhusk.png,cornhusk.png,0.8200199604034424
img/things/cornmeal.png,cornmeal.png,0.71286940574646
img/things/cornucopia.png,cornucopia.png,0.8807801008224487
img/things/corsage.png,corsage.png,0.7349287867546082
img/things/corset.png,corset.png,0.7722898721694946
img/things/costume.png,costume.png,0.729228138923645
img/things/cot.png,cot.png,0.8194960355758667
img/things/cotton_candy.png,cotton_candy.png,0.7932080030441284
img/things/couch.png,couch.png,0.9266101121902466
img/things/cougar.png,cougar.png,0.769529402256012
img/things/counter.png,counter.png,0.6618635058403015
img/things/coverall.png,coverall.png,0.9467907547950745
img/things/cow.png,cow.png,0.8127484917640686
img/things/coyote.png,coyote.png,0.8079425096511841
img/things/crab.png,crab.png,0.8322221636772156
img/things/cracker.png,cracker.png,0.9110588431358337
img/things/cranberry.png,cranberry.png,0.9413897395133972
img/things/crane.png,crane.png,0.6729306578636169
img/things/crank.png,crank.png,0.8356630802154541
img/things/crate.png,crate.png,0.7840136289596558
img/things/crayon.png,crayon.png,0.8671889305114746
img/things/cream.png,cream.png,0.7702164649963379
img/things/cream_cheese.png,cream_cheese.png,0.796251118183136
img/things/credit_card.png,credit_card.png,0.7691249847412109
img/things/creme_brulee.png,creme_brulee.png,0.801112711429596
img/things/crepe.png,crepe.png,0.7375020980834961
img/things/crib.png,crib.png,0.8057641983032227
img/things/croissant.png,croissant.png,0.8884229063987732
img/things/cross.png,cross.png,0.8919001221656799
img/things/crossbow.png,crossbow.png,0.744845449924469
img/things/crouton.png,crouton.png,0.853890061378479
img/things/crow.png,crow.png,0.7886994481086731
img/things/crowbar.png,crowbar.png,0.8768818974494934
img/things/crown.png,crown.png,0.8019065260887146
img/things/crucifix.png,crucifix.png,0.7764100432395935
img/things/cruise_ship.png,cruise_ship.png,0.7565680146217346
img/things/crumb.png,crumb.png,0.7970926761627197
img/things/crutch.png,crutch.png,0.8274967074394226
img/things/crystal1.png,crystal1.png,0.7178738713264465
img/things/crystal2.png,crystal2.png,0.7240327000617981
img/things/crystal_ball.png,crystal_ball.png,0.7891752123832703
img/things/cuckoo_clock.png,cuckoo_clock.png,0.7982567548751831
img/things/cucumber.png,cucumber.png,0.8333548307418823
img/things/cufflink.png,cufflink.png,0.8400947451591492
img/things/cummerbund.png,cummerbund.png,0.8514381647109985
img/things/cup.png,cup.png,0.889470636844635
img/things/cupcake.png,cupcake.png,0.8485488295555115
img/things/curb.png,curb.png,0.815578818321228
img/things/curling_iron.png,curling_iron.png,0.9369204640388489
img/things/curry.png,curry.png,0.6484503746032715
img/things/curtain.png,curtain.png,0.7742823958396912
img/things/cushion.png,cushion.png,0.8563907742500305
img/things/cutting_board.png,cutting_board.png,0.7737868428230286
img/things/cymbal.png,cymbal.png,0.7490140199661255
img/things/dagger.png,dagger.png,0.9219440817832947
img/things/daisy.png,daisy.png,0.6191575527191162
img/things/dalmatian.png,dalmatian.png,0.8323900699615479
img/things/dandelion.png,dandelion.png,0.7651814818382263
img/things/dart.png,dart.png,0.8403393030166626
img/things/dartboard.png,dartboard.png,0.8522298336029053
img/things/dashboard.png,dashboard.png,0.8672063946723938
img/things/deer.png,deer.png,0.6797506809234619
img/things/defibrillator.png,defibrillator.png,0.8632615804672241
img/things/denture.png,denture.png,0.8786157965660095
img/things/deodorant.png,deodorant.png,0.8453513383865356
img/things/desk.png,desk.png,0.7710742950439453
img/things/dessert.png,dessert.png,0.6959518790245056
img/things/detonator.png,detonator.png,0.7472710013389587
img/things/dial.png,dial.png,0.7854487895965576
img/things/diamond.png,diamond.png,0.8070292472839355
img/things/diaper.png,diaper.png,0.9044075608253479
img/things/dice.png,dice.png,0.9040645360946655
img/things/dip.png,dip.png,0.830439567565918
img/things/dirt_bike.png,dirt_bike.png,0.7330835461616516
img/things/dish.png,dish.png,0.7163742184638977
img/things/dishrag.png,dishrag.png,0.8821102380752563
img/things/dishwasher.png,dishwasher.png,0.8304452300071716
img/things/dishwashing_liquid.png,dishwashing_liquid.png,0.8942896723747253
img/things/diskette.png,diskette.png,0.8414713740348816
img/things/diving_board.png,diving_board.png,0.68458092212677
img/things/dog.png,dog.png,0.9480829834938049
img/things/dogfood.png,dogfood.png,0.9323999285697937
img/things/doghouse.png,doghouse.png,0.8566421270370483
img/things/doily.png,doily.png,0.978158712387085
img/things/doll.png,doll.png,0.9120244979858398
img/things/dollhouse.png,dollhouse.png,0.7502756714820862
img/things/dolly.png,dolly.png,0.908462643623352
img/things/dolphin.png,dolphin.png,0.8466589450836182
img/things/domino.png,domino.png,0.8889471888542175
img/things/donkey.png,donkey.png,0.6705259084701538
img/things/donut.png,donut.png,0.8979188799858093
img/things/door.png,door.png,0.8028284311294556
img/things/doorbell.png,doorbell.png,0.8141299486160278
img/things/doorhandle.png,doorhandle.png,0.8270963430404663
img/things/doorknob.png,doorknob.png,0.8176041841506958
img/things/doorknocker.png,doorknocker.png,0.9268258213996887
img/things/doormat.png,doormat.png,0.7829351425170898
img/things/doorstop.png,doorstop.png,0.8070430755615234
img/things/dough.png,dough.png,0.977568507194519
img/things/drain.png,drain.png,0.8075981140136719
img/things/drawer.png,drawer.png,0.8758684992790222
img/things/dreidel.png,dreidel.png,0.9311839938163757
img/things/dress.png,dress.png,0.9395058155059814
img/things/dresser.png,dresser.png,0.6829587817192078
img/things/drill.png,drill.png,0.9578588604927063
img/things/drink.png,drink.png,0.8126310706138611
img/things/drum.png,drum.png,0.8321948647499084
img/things/drumstick.png,drumstick.png,0.8358022570610046
img/things/dryer.png,dryer.png,0.8022701144218445
img/things/duck.png,duck.png,0.8053869605064392
img/things/duckling.png,duckling.png,0.6918252110481262
img/things/duct.png,duct.png,0.9071719646453857
img/things/duct_tape.png,duct_tape.png,0.9289807677268982
img/things/duffel_bag.png,duffel_bag.png,0.9146617650985718
img/things/dumbbell.png,dumbbell.png,0.8365926146507263
img/things/dumbwaiter.png,dumbwaiter.png,0.8071987628936768
img/things/dumpling.png,dumpling.png,0.7772327661514282
img/things/dumpster.png,dumpster.png,0.8923401832580566
img/things/duster.png,duster.png,0.8111669421195984
img/things/dustpan.png,dustpan.png,0.8193604946136475
img/things/dynamite.png,dynamite.png,0.8830207586288452
img/things/eagle.png,eagle.png,0.777223527431488
img/things/ear.png,ear.png,0.8806957602500916
img/things/earplug.png,earplug.png,0.93211829662323
img/things/earring.png,earring.png,0.9128655195236206
img/things/easel.png,easel.png,0.8495465517044067
img/things/easter_egg.png,easter_egg.png,0.9081497192382812
img/things/eclair.png,eclair.png,0.9534241557121277
img/things/eel.png,eel.png,0.9514341950416565
img/things/egg.png,egg.png,0.9044744372367859
img/things/egg_roll.png,egg_roll.png,0.9145586490631104
img/things/eggbeater.png,eggbeater.png,0.9132289886474609
img/things/eggnog.png,eggnog.png,0.8771191835403442
img/things/eggplant.png,eggplant.png,0.8474357724189758
img/things/eggshell.png,eggshell.png,0.8991122841835022
img/things/elbow.png,elbow.png,0.8779418468475342
img/things/electric_chair.png,electric_chair.png,0.761434018611908
img/things/elephant.png,elephant.png,0.8433429002761841
img/things/emerald.png,emerald.png,0.7850128412246704
img/things/enchilada.png,enchilada.png,0.8587207198143005
img/things/engine.png,engine.png,0.7654435038566589
img/things/envelope.png,envelope.png,0.9439855813980103
img/things/eraser.png,eraser.png,0.9883601665496826
img/things/espresso.png,espresso.png,0.8163825869560242
img/things/exerciser.png,exerciser.png,0.8149632215499878
img/things/exhaust_pipe.png,exhaust_pipe.png,0.8684226870536804
img/things/extinguisher.png,extinguisher.png,0.8697094917297363
img/things/eye.png,eye.png,0.8433763384819031
img/things/eye_patch.png,eye_patch.png,0.9070265889167786
img/things/eyedropper.png,eyedropper.png,0.8982713222503662
img/things/eyeliner.png,eyeliner.png,0.8986872434616089
img/things/eyepiece.png,eyepiece.png,0.7830899357795715
img/things/face.png,face.png,0.7944192290306091
img/things/face_mask.png,face_mask.png,0.8534038066864014
img/things/fan.png,fan.png,0.739445686340332
img/things/fast_food.png,fast_food.png,0.7063527703285217
img/things/faucet.png,faucet.png,0.8910735249519348
img/things/feather.png,feather.png,0.7702322006225586
img/things/fence.png,fence.png,0.8327101469039917
img/things/fencepost.png,fencepost.png,0.7829091548919678
img/things/fern.png,fern.png,0.7960377931594849
img/things/ferret.png,ferret.png,0.9149169325828552
img/things/ferris_wheel.png,ferris_wheel.png,0.8730269074440002
img/things/ferry.png,ferry.png,0.6863957047462463
img/things/fig.png,fig.png,0.8454057574272156
img/things/figurine.png,figurine.png,0.8407219648361206
img/things/file1.png,file1.png,0.851776659488678
img/things/file2.png,file2.png,0.8061051964759827
img/things/filing_cabinet.png,filing_cabinet.png,0.8603488802909851
img/things/film.png,film.png,0.82075035572052
img/things/filter.png,filter.png,0.8085394501686096
img/things/finger.png,finger.png,0.930973470211029
img/things/fingerprint.png,fingerprint.png,0.78615802526474
img/things/fire.png,fire.png,0.7184164524078369
img/things/fire_alarm.png,fire_alarm.png,0.9086161851882935
img/things/fire_hydrant.png,fire_hydrant.png,0.8805893659591675
img/things/fire_pit.png,fire_pit.png,0.6112864017486572
img/things/firecracker.png,firecracker.png,0.7655867338180542
img/things/fireplace.png,fireplace.png,0.7055847644805908
img/things/firetruck.png,firetruck.png,0.6858463287353516
img/things/firewood.png,firewood.png,0.8183359503746033
img/things/fireworks.png,fireworks.png,0.6416094303131104
img/things/first-aid_kit.png,first-aid_kit.png,0.6759079098701477
img/things/fish.png,fish.png,0.8545211553573608
img/things/fishbowl.png,fishbowl.png,0.8054347038269043
img/things/fishhook.png,fishhook.png,0.9474413990974426
img/things/fishing_pole.png,fishing_pole.png,0.731777548789978
img/things/fishnet_stockings.png,fishnet_stockings.png,0.9551088213920593
img/things/flag.png,flag.png,0.8702108263969421
img/things/flagpole.png,flagpole.png,0.7916443347930908
img/things/flamethrower.png,flamethrower.png,0.6572338938713074
img/things/flamingo.png,flamingo.png,0.8921431303024292
img/things/flan.png,flan.png,0.921256422996521
img/things/flashbulb.png,flashbulb.png,0.8314032554626465
img/things/flashlight.png,flashlight.png,0.7789713144302368
img/things/flask.png,flask.png,0.8307414650917053
img/things/flatiron.png,flatiron.png,0.8646238446235657
img/things/flip_flop.png,flip_flop.png,0.9302693605422974
img/things/flipper.png,flipper.png,0.9437575936317444
img/things/float.png,float.png,0.8359458446502686
img/things/floss.png,floss.png,0.88716721534729
img/things/flour.png,flour.png,0.7162847518920898
img/things/flower.png,flower.png,0.7129573822021484
img/things/flute.png,flute.png,0.7920061945915222
img/things/flypaper.png,flypaper.png,0.8559343218803406
img/things/flyswatter.png,flyswatter.png,0.8901946544647217
img/things/foam.png,foam.png,0.7739635705947876
img/things/folder.png,folder.png,0.7760851383209229
img/things/fondue.png,fondue.png,0.8611564636230469
img/things/food_processor.png,food_processor.png,0.789207935333252
img/things/foot.png,foot.png,0.8506152629852295
img/things/football.png,football.png,0.9174781441688538
img/things/football_helmet.png,football_helmet.png,0.736043393611908
img/things/footbath.png,footbath.png,0.728313684463501
img/things/footprint.png,footprint.png,0.7689775824546814
img/things/footrest.png,footrest.png,0.8497109413146973
img/things/fork.png,fork.png,0.8503772616386414
img/things/forklift.png,forklift.png,0.8479810953140259
img/things/fossil.png,fossil.png,0.6904760003089905
img/things/fountain_pen.png,fountain_pen.png,0.8994472026824951
img/things/fox.png,fox.png,0.9157941937446594
img/things/frame.png,frame.png,0.8093633651733398
img/things/freezer.png,freezer.png,0.8383085131645203
img/things/french_fries.png,french_fries.png,0.8525190353393555
img/things/french_horn.png,french_horn.png,0.8548641800880432
img/things/frisbee.png,frisbee.png,0.9169619083404541
img/things/frog.png,frog.png,0.8964250683784485
img/things/fruit.png,fruit.png,0.8163624405860901
img/things/fruitcake.png,fruitcake.png,0.8173611164093018
img/things/fudge.png,fudge.png,0.9236719012260437
img/things/fungus.png,fungus.png,0.8944306969642639
img/things/funnel.png,funnel.png,0.8467198610305786
img/things/fur_coat.png,fur_coat.png,0.7886242270469666
img/things/furnace.png,furnace.png,0.6779179573059082
img/things/fuse.png,fuse.png,0.8802263140678406
img/things/gallows.png,gallows.png,0.904109001159668
img/things/game.png,game.png,0.7293795943260193
img/things/garbage.png,garbage.png,0.618157148361206
img/things/garbage_truck.png,garbage_truck.png,0.7387456893920898
img/things/gargoyle.png,gargoyle.png,0.6805515885353088
img/things/garlic.png,garlic.png,0.7586454153060913
img/things/garter.png,garter.png,0.8424244523048401
img/things/gas_mask.png,gas_mask.png,0.873091459274292
img/things/gasket.png,gasket.png,0.8555986285209656
img/things/gate.png,gate.png,0.6732273697853088
img/things/gauge.png,gauge.png,0.9170165657997131
img/things/gauze.png,gauze.png,0.9619623422622681
img/things/gavel.png,gavel.png,0.9081258177757263
img/things/gazelle.png,gazelle.png,0.8014154434204102
img/things/gear.png,gear.png,0.8000302314758301
img/things/gearshift.png,gearshift.png,0.9413015246391296
img/things/gel.png,gel.png,0.8720495104789734
img/things/gem.png,gem.png,0.6918238997459412
img/things/generator.png,generator.png,0.8580816388130188
img/things/gift.png,gift.png,0.9687442183494568
img/things/ginger.png,ginger.png,0.890338122844696
img/things/gingerbread_man.png,gingerbread_man.png,0.7666281461715698
img/things/giraffe.png,giraffe.png,0.6999356746673584
img/things/girl.png,girl.png,0.8313677906990051
img/things/glass.png,glass.png,0.8924884796142578
img/things/glasses.png,glasses.png,0.8568746447563171
img/things/globe.png,globe.png,0.7816065549850464
img/things/glove.png,glove.png,0.8676775097846985
img/things/glue.png,glue.png,0.8444104194641113
img/things/go-kart.png,go-kart.png,0.7399283051490784
img/things/goalpost.png,goalpost.png,0.6863210797309875
img/things/goat.png,goat.png,0.7471813559532166
img/things/goblet.png,goblet.png,0.7905028462409973
img/things/goggles.png,goggles.png,0.8737361431121826
img/things/gold.png,gold.png,0.8137792944908142
img/things/goldfish.png,goldfish.png,0.8230610489845276
img/things/golf_cart.png,golf_cart.png,0.7686756253242493
img/things/golf_club.png,golf_club.png,0.7734022736549377
img/things/gondola.png,gondola.png,0.7167808413505554
img/things/gong.png,gong.png,0.8775968551635742
img/things/goose.png,goose.png,0.8420161008834839
img/things/gopher.png,gopher.png,0.8686058521270752
img/things/gorilla.png,gorilla.png,0.8294041156768799
img/things/gourd.png,gourd.png,0.8495378494262695
img/things/graffiti.png,graffiti.png,0.6754745244979858
img/things/grain.png,grain.png,0.9267622828483582
img/things/gramophone.png,gramophone.png,0.8611968159675598
img/things/granite.png,granite.png,0.7802770733833313
img/things/granola.png,granola.png,0.8585963249206543
img/things/grape.png,grape.png,0.7208290696144104
img/things/grapefruit.png,grapefruit.png,0.9434029459953308
img/things/grapevine.png,grapevine.png,0.7017354965209961
img/things/grass.png,grass.png,0.7060560584068298
img/things/grate.png,grate.png,0.7607508301734924
img/things/grater.png,grater.png,0.7870718836784363
img/things/gravel.png,gravel.png,0.7667304873466492
img/things/gravestone.png,gravestone.png,0.8033273816108704
img/things/gravy.png,gravy.png,0.809945285320282
img/things/green_beans.png,green_beans.png,0.9251277446746826
img/things/grenade.png,grenade.png,0.8777582049369812
img/things/grill.png,grill.png,0.739286482334137
img/things/grille.png,grille.png,0.8627263903617859
img/things/grinder.png,grinder.png,0.8077250123023987
img/things/grits.png,grits.png,0.7631140947341919
img/things/groundhog.png,groundhog.png,0.8987981677055359
img/things/guacamole.png,guacamole.png,0.7952396869659424
img/things/guardrail.png,guardrail.png,0.725479781627655
img/things/guillotine.png,guillotine.png,0.6871436238288879
img/things/guinea_pig.png,guinea_pig.png,0.7323352694511414
img/things/guitar.png,guitar.png,0.7845109701156616
img/things/gum.png,gum.png,0.8100686073303223
img/things/gumball.png,gumball.png,0.8681694865226746
img/things/gumdrop.png,gumdrop.png,0.9725760817527771
img/things/gun.png,gun.png,0.7649489045143127
img/things/gurney.png,gurney.png,0.8580328822135925
img/things/gutter.png,gutter.png,0.8667174577713013
img/things/gyro.png,gyro.png,0.7142676711082458
img/things/gyroscope.png,gyroscope.png,0.9394012689590454
img/things/hail.png,hail.png,0.7638120651245117
img/things/hair.png,hair.png,0.7749204635620117
img/things/hairbrush.png,hairbrush.png,0.7733463644981384
img/things/hairdryer.png,hairdryer.png,0.9257150888442993
img/things/hairnet.png,hairnet.png,0.8182754516601562
img/things/hairpin.png,hairpin.png,0.8116734623908997
img/things/hairspray.png,hairspray.png,0.7369233965873718
img/things/ham.png,ham.png,0.8628749847412109
img/things/hamburger.png,hamburger.png,0.8811649084091187
img/things/hammer.png,hammer.png,0.9441114664077759
img/things/hammock.png,hammock.png,0.8478127717971802
img/things/hamster.png,hamster.png,0.9177528619766235
img/things/hand.png,hand.png,0.9484701752662659
img/things/handbrake.png,handbrake.png,0.7902497053146362
img/things/handcuff.png,handcuff.png,0.8833893537521362
img/things/handkerchief.png,handkerchief.png,0.818949282169342
img/things/handle.png,handle.png,0.906722366809845
img/things/handlebar.png,handlebar.png,0.7371710538864136
img/things/handprint.png,handprint.png,0.8683129549026489
img/things/hanger.png,hanger.png,0.9548100829124451
img/things/hard_disk.png,hard_disk.png,0.8113622665405273
img/things/harmonica.png,harmonica.png,0.8609099984169006
img/things/harness.png,harness.png,0.8688393831253052
img/things/harp.png,harp.png,0.7265635132789612
img/things/hash.png,hash.png,0.8530668616294861
img/things/hat.png,hat.png,0.8579199910163879
img/things/hatbox.png,hatbox.png,0.7623755931854248
img/things/hatchet.png,hatchet.png,0.8881127834320068
img/things/hawk.png,hawk.png,0.8235353827476501
img/things/hay.png,hay.png,0.8287290930747986
img/things/headband.png,headband.png,0.8791181445121765
img/things/headdress.png,headdress.png,0.7980144023895264
img/things/headlamp.png,headlamp.png,0.8110101222991943
img/things/headlight.png,headlight.png,0.7948238849639893
img/things/headphones.png,headphones.png,0.8804782629013062
img/things/headrest.png,headrest.png,0.8512586951255798
img/things/headscarf.png,headscarf.png,0.8854814767837524
img/things/headset.png,headset.png,0.9007747173309326
img/things/hearing_aid.png,hearing_aid.png,0.8755584359169006
img/things/hearse.png,hearse.png,0.7940471768379211
img/things/heater.png,heater.png,0.9169789552688599
img/things/hedge.png,hedge.png,0.5926704406738281
img/things/hedgehog.png,hedgehog.png,0.8648413419723511
img/things/helicopter.png,helicopter.png,0.7479331493377686
img/things/helmet.png,helmet.png,0.8760082721710205
img/things/highchair.png,highchair.png,0.8704939484596252
img/things/highlighter.png,highlighter.png,0.957916259765625
img/things/hinge.png,hinge.png,0.7699346542358398
img/things/hip.png,hip.png,0.9015167355537415
img/things/hippopotamus.png,hippopotamus.png,0.9369639158248901
img/things/hobbyhorse.png,hobbyhorse.png,0.7808095812797546
img/things/hockey_stick.png,hockey_stick.png,0.8301764130592346
img/things/hoe.png,hoe.png,0.7169978618621826
img/things/hole.png,hole.png,0.8980621099472046
img/things/holster.png,holster.png,0.8863188028335571
img/things/home_plate.png,home_plate.png,0.82851642370224
img/things/honey.png,honey.png,0.8134510517120361
img/things/honeycomb.png,honeycomb.png,0.8595016598701477
img/things/honeypot.png,honeypot.png,0.9272565245628357
img/things/hood.png,hood.png,0.7943701148033142
img/things/hoodie.png,hoodie.png,0.8904486894607544
img/things/hook1.png,hook1.png,0.947585940361023
img/things/hook2.png,hook2.png,0.9342671036720276
img/things/hookah.png,hookah.png,0.6792720556259155
img/things/hopscotch.png,hopscotch.png,0.7467710971832275
img/things/horn.png,horn.png,0.7888386249542236
img/things/horse.png,horse.png,0.755275309085846
img/things/horseshoe.png,horseshoe.png,0.9661501049995422
img/things/hose.png,hose.png,0.8831670880317688
img/things/hot-air_balloon.png,hot-air_balloon.png,0.8514792323112488
img/things/hot-water_bottle.png,hot-water_bottle.png,0.9503083825111389
img/things/hot_chocolate.png,hot_chocolate.png,0.8796981573104858
img/things/hot_tub.png,hot_tub.png,0.7327313423156738
img/things/hotdog.png,hotdog.png,0.8987383246421814
img/things/hotplate.png,hotplate.png,0.8462217450141907
img/things/hourglass.png,hourglass.png,0.804946780204773
img/things/hovercraft.png,hovercraft.png,0.6745131015777588
img/things/hubcap.png,hubcap.png,0.8530982136726379
img/things/hula_hoop.png,hula_hoop.png,0.7926362156867981
img/things/hummingbird.png,hummingbird.png,0.8531771898269653
img/things/hummus.png,hummus.png,0.8359048962593079
img/things/humvee.png,humvee.png,0.7771732807159424
img/things/hydrant.png,hydrant.png,0.8981630802154541
img/things/hyena.png,hyena.png,0.9089905023574829
img/things/ice-cream_cone.png,ice-cream_cone.png,0.9689584970474243
img/things/ice.png,ice.png,0.7834007143974304
img/things/ice_cream.png,ice_cream.png,0.9257956743240356
img/things/ice_cube.png,ice_cube.png,0.7166913151741028
img/things/ice_pack.png,ice_pack.png,0.851769208908081
img/things/icemaker.png,icemaker.png,0.7555392384529114
img/things/icepick.png,icepick.png,0.8039596080780029
img/things/iceskate.png,iceskate.png,0.7468794584274292
img/things/icicle.png,icicle.png,0.7040748596191406
img/things/iguana.png,iguana.png,0.8629242181777954
img/things/incense.png,incense.png,0.6543768048286438
img/things/incubator.png,incubator.png,0.773362398147583
img/things/inhaler.png,inhaler.png,0.9388507604598999
img/things/ink.png,ink.png,0.6258211135864258
img/things/inkwell.png,inkwell.png,0.8610546588897705
img/things/insole.png,insole.png,0.9573253989219666
img/things/iron.png,iron.png,0.9464514255523682
img/things/ironing_board.png,ironing_board.png,0.9008461236953735
img/things/ivy.png,ivy.png,0.8111101984977722
img/things/jack.png,jack.png,0.7225409746170044
img/things/jacket.png,jacket.png,0.7987776398658752
img/things/jackhammer.png,jackhammer.png,0.8939939141273499
img/things/jalapeno.png,jalapeno.png,0.8977963924407959
img/things/jam.png,jam.png,0.8756905198097229
img/things/jar.png,jar.png,0.8651660084724426
img/things/javelin.png,javelin.png,0.8855643272399902
img/things/jeans.png,jeans.png,0.9179017543792725
img/things/jeep.png,jeep.png,0.7575984597206116
img/things/jelly_bean.png,jelly_bean.png,0.884187638759613
img/things/jellyfish.png,jellyfish.png,0.8429716229438782
img/things/jersey.png,jersey.png,0.7290287613868713
img/things/jet.png,jet.png,0.7431296706199646
img/things/jetski.png,jetski.png,0.7972574234008789
img/things/jewel.png,jewel.png,0.8818681240081787
img/things/jewelry.png,jewelry.png,0.8681499361991882
img/things/jigsaw_puzzle.png,jigsaw_puzzle.png,0.7285934686660767
img/things/joystick.png,joystick.png,0.8142695426940918
img/things/jug.png,jug.png,0.8424897193908691
img/things/juice.png,juice.png,0.9213972687721252
img/things/juicer1.png,juicer1.png,0.9044840335845947
img/things/juicer2.png,juicer2.png,0.854507327079773
img/things/jukebox.png,jukebox.png,0.7463015913963318
img/things/jump_rope.png,jump_rope.png,0.9129948019981384
img/things/jumpsuit.png,jumpsuit.png,0.8326153755187988
img/things/kale.png,kale.png,0.9430938959121704
img/things/kaleidoscope.png,kaleidoscope.png,0.7816959023475647
img/things/kangaroo.png,kangaroo.png,0.8461529612541199
img/things/kayak.png,kayak.png,0.8259874582290649
img/things/kazoo.png,kazoo.png,0.8336842656135559
img/things/kebab.png,kebab.png,0.9054139852523804
img/things/keg.png,keg.png,0.9061797261238098
img/things/ketchup.png,ketchup.png,0.8190112709999084
img/things/kettle.png,kettle.png,0.8169993758201599
img/things/key.png,key.png,0.8605473041534424
img/things/keyboard.png,keyboard.png,0.9135338664054871
img/things/keyhole.png,keyhole.png,0.7988873720169067
img/things/kilt.png,kilt.png,0.7159672379493713
img/things/kimono.png,kimono.png,0.8555029034614563
img/things/kite.png,kite.png,0.8074547052383423
img/things/kitten.png,kitten.png,0.8515927195549011
img/things/kiwi.png,kiwi.png,0.9131395816802979
img/things/knee.png,knee.png,0.8531581163406372
img/things/kneepad.png,kneepad.png,0.8210827112197876
img/things/knife.png,knife.png,0.8276616334915161
img/things/knitting.png,knitting.png,0.9022006988525391
img/things/knitting_needle.png,knitting_needle.png,0.8491028547286987
img/things/knob.png,knob.png,0.8887600302696228
img/things/knot.png,knot.png,0.9280223846435547
img/things/koala.png,koala.png,0.9264827370643616
img/things/lab_coat.png,lab_coat.png,0.8851801753044128
img/things/ladder.png,ladder.png,0.8952061533927917
img/things/ladle.png,ladle.png,0.8529948592185974
img/things/lamb.png,lamb.png,0.9065291881561279
img/things/lamb_chop.png,lamb_chop.png,0.7567275762557983
img/things/lamp.png,lamp.png,0.6291095018386841
img/things/lamppost.png,lamppost.png,0.8539659380912781
img/things/lampshade.png,lampshade.png,0.8498311042785645
img/things/landmine.png,landmine.png,0.7816475629806519
img/things/lantern.png,lantern.png,0.8060922622680664
img/things/lanyard.png,lanyard.png,0.9273566007614136
img/things/laptop.png,laptop.png,0.6872597932815552
img/things/lasagna.png,lasagna.png,0.753486156463623
img/things/laser_pointer.png,laser_pointer.png,0.9168121218681335
img/things/latch.png,latch.png,0.7518860697746277
img/things/latte.png,latte.png,0.9692297577857971
img/things/laundry_basket.png,laundry_basket.png,0.932614803314209
img/things/lava.png,lava.png,0.7001417279243469
img/things/lavender.png,lavender.png,0.7963346242904663
img/things/lawnmower.png,lawnmower.png,0.8671119809150696
img/things/leaf.png,leaf.png,0.8664017915725708
img/things/leash.png,leash.png,0.9105699062347412
img/things/lectern.png,lectern.png,0.8253130316734314
img/things/leek.png,leek.png,0.6467193961143494
img/things/leg.png,leg.png,0.9366538524627686
img/things/leggings.png,leggings.png,0.8477223515510559
img/things/lego.png,lego.png,0.7007796168327332
img/things/lemon.png,lemon.png,0.8352298140525818
img/things/lemonade.png,lemonade.png,0.7926977872848511
img/things/lens.png,lens.png,0.8070864677429199
img/things/leopard.png,leopard.png,0.7802175879478455
img/things/leotard.png,leotard.png,0.8597424030303955
img/things/letter_opener.png,letter_opener.png,0.8431253433227539
img/things/lettuce.png,lettuce.png,0.8676695227622986
img/things/license_plate.png,license_plate.png,0.8786899447441101
img/things/licorice.png,licorice.png,0.9667580723762512
img/things/lid.png,lid.png,0.83138507604599
img/things/life_jacket.png,life_jacket.png,0.897651195526123
img/things/lifesaver.png,lifesaver.png,0.8657921552658081
img/things/light_switch.png,light_switch.png,0.8874073028564453
img/things/lightbulb.png,lightbulb.png,0.887527585029602
img/things/lighter.png,lighter.png,0.8934119343757629
img/things/lime.png,lime.png,0.9649532437324524
img/things/limousine.png,limousine.png,0.9044077396392822
img/things/lingerie.png,lingerie.png,0.9562439322471619
img/things/lion.png,lion.png,0.8851189017295837
img/things/lip_balm.png,lip_balm.png,0.8555285334587097
img/things/lip_gloss.png,lip_gloss.png,0.9619354605674744
img/things/lipstick.png,lipstick.png,0.9291646480560303
img/things/lizard.png,lizard.png,0.9172210097312927
img/things/llama.png,llama.png,0.7076482772827148
img/things/lobster.png,lobster.png,0.8699042797088623
img/things/lock.png,lock.png,0.8467938899993896
img/things/locker.png,locker.png,0.8475111126899719
img/things/locket.png,locket.png,0.8634936213493347
img/things/log.png,log.png,0.6184135675430298
img/things/loincloth.png,loincloth.png,0.9074123501777649
img/things/lollipop.png,lollipop.png,0.8358982801437378
img/things/loom.png,loom.png,0.7025907635688782
img/things/loveseat.png,loveseat.png,0.7752037644386292
img/things/luggage.png,luggage.png,0.6765040159225464
img/things/lumber.png,lumber.png,0.7424520254135132
img/things/lunchbox.png,lunchbox.png,0.797557532787323
img/things/macadamia.png,macadamia.png,0.887656033039093
img/things/macaroni.png,macaroni.png,0.9801846146583557
img/things/machete.png,machete.png,0.8837391138076782
img/things/machine_gun.png,machine_gun.png,0.7287792563438416
img/things/magnet.png,magnet.png,0.9634774327278137
img/things/magnifier.png,magnifier.png,0.8460530042648315
img/things/magnifying_glass.png,magnifying_glass.png,0.9207304120063782
img/things/mail.png,mail.png,0.7245065569877625
img/things/mailbox.png,mailbox.png,0.8470978736877441
img/things/makeup.png,makeup.png,0.8569583892822266
img/things/mallet.png,mallet.png,0.8747475743293762
img/things/man.png,man.png,0.922073483467102
img/things/manatee.png,manatee.png,0.9287532567977905
img/things/mandolin.png,mandolin.png,0.8163565993309021
img/things/mango.png,mango.png,0.9069492220878601
img/things/manhole.png,manhole.png,0.8589790463447571
img/things/mannequin.png,mannequin.png,0.8852726221084595
img/things/mantle.png,mantle.png,0.8624463677406311
img/things/map.png,map.png,0.6897578835487366
img/things/maple_syrup.png,maple_syrup.png,0.8587313294410706
img/things/marble.png,marble.png,0.8667078614234924
img/things/margarita.png,margarita.png,0.7943387031555176
img/things/marijuana.png,marijuana.png,0.6334913969039917
img/things/marker.png,marker.png,0.9505694508552551
img/things/marmalade.png,marmalade.png,0.8057770729064941
img/things/marshmallow.png,marshmallow.png,0.947490930557251
img/things/mascara.png,mascara.png,0.9208666682243347
img/things/mashed_potato.png,mashed_potato.png,0.8581976890563965
img/things/mask.png,mask.png,0.9299694299697876
img/things/mast.png,mast.png,0.6415022611618042
img/things/mat.png,mat.png,0.9720988273620605
img/things/match.png,match.png,0.9302239418029785
img/things/matchbox.png,matchbox.png,0.8483679294586182
img/things/mattress.png,mattress.png,0.845443606376648
img/things/measuring_cup.png,measuring_cup.png,0.8767090439796448
img/things/meat.png,meat.png,0.916578471660614
img/things/meat_grinder.png,meat_grinder.png,0.8915233612060547
img/things/meatball.png,meatball.png,0.7714742422103882
img/things/meatloaf.png,meatloaf.png,0.9488561749458313
img/things/medal.png,medal.png,0.7715908288955688
img/things/meerkat.png,meerkat.png,0.8887132406234741
img/things/megaphone.png,megaphone.png,0.8663012385368347
img/things/melon.png,melon.png,0.9057577848434448
img/things/memory_stick.png,memory_stick.png,0.9094693660736084
img/things/metal_detector.png,metal_detector.png,0.816582202911377
img/things/metronome.png,metronome.png,0.8163133859634399
img/things/microphone.png,microphone.png,0.8261279463768005
img/things/microscope.png,microscope.png,0.6975535154342651
img/things/microwave.png,microwave.png,0.8497166037559509
img/things/milk.png,milk.png,0.8080375790596008
img/things/milkshake.png,milkshake.png,0.8508691191673279
img/things/minivan.png,minivan.png,0.7309662103652954
img/things/mint.png,mint.png,0.8739830255508423
img/things/mirror.png,mirror.png,0.6984878778457642
img/things/missile.png,missile.png,0.7990044355392456
img/things/mistletoe.png,mistletoe.png,0.7463541030883789
img/things/mitten.png,mitten.png,0.874832034111023
img/things/mixer.png,mixer.png,0.9448450207710266
img/things/moccasin.png,moccasin.png,0.8773934841156006
img/things/modem.png,modem.png,0.8057652115821838
img/things/mold1.png,mold1.png,0.8760044574737549
img/things/mold2.png,mold2.png,0.6637117862701416
img/things/mole.png,mole.png,0.8115221858024597
img/things/money.png,money.png,0.7863512635231018
img/things/mongoose.png,mongoose.png,0.8125365376472473
img/things/monkey.png,monkey.png,0.9592496156692505
img/things/moose.png,moose.png,0.638432502746582
img/things/mop.png,mop.png,0.8775483965873718
img/things/mosquito_net.png,mosquito_net.png,0.700842022895813
img/things/moss.png,moss.png,0.5206019878387451
img/things/motherboard.png,motherboard.png,0.8287236094474792
img/things/motorcycle.png,motorcycle.png,0.8359959125518799
img/things/mouse1.png,mouse1.png,0.9751308560371399
img/things/mouse2.png,mouse2.png,0.9292779564857483
img/things/mousepad.png,mousepad.png,0.8282566070556641
img/things/mousetrap.png,mousetrap.png,0.8954325914382935
img/things/mouth.png,mouth.png,0.8042640686035156
img/things/mouthpiece.png,mouthpiece.png,0.9347169399261475
img/things/mud.png,mud.png,0.6043978929519653
img/things/muff.png,muff.png,0.812118411064148
img/things/muffin.png,muffin.png,0.7818257808685303
img/things/mug.png,mug.png,0.8599568605422974
img/things/mulberry.png,mulberry.png,0.845700204372406
img/things/mulch.png,mulch.png,0.8403747081756592
img/things/mullet.png,mullet.png,0.8410841226577759
img/things/mushroom.png,mushroom.png,0.8443242311477661
img/things/music_box.png,music_box.png,0.6118361949920654
img/things/mussel.png,mussel.png,0.6733946800231934
img/things/mustache.png,mustache.png,0.9012542963027954
img/things/mustard.png,mustard.png,0.8584614396095276
img/things/nacho.png,nacho.png,0.6480774283409119
img/things/nail.png,nail.png,0.9331218600273132
img/things/nail_clippers.png,nail_clippers.png,0.8693802356719971
img/things/nail_file.png,nail_file.png,0.9108107686042786
img/things/nail_polish.png,nail_polish.png,0.8554099202156067
img/things/napkin.png,napkin.png,0.8120958805084229
img/things/napkin_ring.png,napkin_ring.png,0.8840487599372864
img/things/navel.png,navel.png,0.8621833920478821
img/things/neck.png,neck.png,0.8586474061012268
img/things/necklace.png,necklace.png,0.9157714247703552
img/things/needle.png,needle.png,0.9141523241996765
img/things/nest.png,nest.png,0.7104880213737488
img/things/net.png,net.png,0.8311286568641663
img/things/nightshirt.png,nightshirt.png,0.855444610118866
img/things/nightstand.png,nightstand.png,0.7449634075164795
img/things/noisemaker.png,noisemaker.png,0.8856168389320374
img/things/noodle.png,noodle.png,0.9227703213691711
img/things/noose.png,noose.png,0.7219212651252747
img/things/nose.png,nose.png,0.8564108610153198
img/things/notebook.png,notebook.png,0.862531840801239
img/things/notepad.png,notepad.png,0.8049823045730591
img/things/nut.png,nut.png,0.8472560048103333
img/things/nutcracker.png,nutcracker.png,0.9553531408309937
img/things/oar.png,oar.png,0.7708066701889038
img/things/oatmeal.png,oatmeal.png,0.9299253225326538
img/things/octopus.png,octopus.png,0.7784414291381836
img/things/odometer.png,odometer.png,0.8659650683403015
img/things/oil.png,oil.png,0.7712240219116211
img/things/oilcan.png,oilcan.png,0.7691209316253662
img/things/okra.png,okra.png,0.8295736312866211
img/things/olive.png,olive.png,0.7301225066184998
img/things/omelet.png,omelet.png,0.7473161816596985
img/things/onion.png,onion.png,0.8640764355659485
img/things/orange.png,orange.png,0.8727430701255798
img/things/orange_rind.png,orange_rind.png,0.8230206370353699
img/things/orangutan.png,orangutan.png,0.8316189646720886
img/things/orchid.png,orchid.png,0.7465940713882446
img/things/organ.png,organ.png,0.6618039011955261
img/things/origami.png,origami.png,0.6864094138145447
img/things/ostrich.png,ostrich.png,0.7537586688995361
img/things/otter.png,otter.png,0.908655047416687
img/things/ottoman.png,ottoman.png,0.8778111934661865
img/things/outfit.png,outfit.png,0.7845646739006042
img/things/outlet.png,outlet.png,0.9464969038963318
img/things/oven.png,oven.png,0.7885580658912659
img/things/overalls.png,overalls.png,0.8151658177375793
img/things/owl.png,owl.png,0.7436994314193726
img/things/oyster.png,oyster.png,0.9191421866416931
img/things/pacifier.png,pacifier.png,0.7775987982749939
img/things/paddle.png,paddle.png,0.825154185295105
img/things/padlock.png,padlock.png,0.93534916639328
img/things/paint.png,paint.png,0.9544913172721863
img/things/paintbrush.png,paintbrush.png,0.8082161545753479
img/things/painting.png,painting.png,0.6782134771347046
img/things/pajamas.png,pajamas.png,0.8633275032043457
img/things/palette.png,palette.png,0.6275902390480042
img/things/pallet.png,pallet.png,0.8578155040740967
img/things/palm_tree.png,palm_tree.png,0.7330295443534851
img/things/pan.png,pan.png,0.8217130303382874
img/things/pancake.png,pancake.png,0.9262683987617493
img/things/panda.png,panda.png,0.7855754494667053
img/things/panther.png,panther.png,0.7355843186378479
img/things/panties.png,panties.png,0.89603191614151
img/things/pants.png,pants.png,0.8777291774749756
img/things/pantsuit.png,pantsuit.png,0.9044017791748047
img/things/pantyhose.png,pantyhose.png,0.9078906178474426
img/things/papaya.png,papaya.png,0.9513232111930847
img/things/paper.png,paper.png,0.9166883826255798
img/things/paper_bag.png,paper_bag.png,0.9388331174850464
img/things/paper_plate.png,paper_plate.png,0.7824579477310181
img/things/paper_towel.png,paper_towel.png,0.9289158582687378
img/things/paperclip.png,paperclip.png,0.9071829319000244
img/things/paperweight.png,paperweight.png,0.9099068641662598
img/things/parachute.png,parachute.png,0.8139094114303589
img/things/parfait.png,parfait.png,0.880040168762207
img/things/parking_meter.png,parking_meter.png,0.8287107348442078
img/things/parrot.png,parrot.png,0.8619890213012695
img/things/parsley.png,parsley.png,0.6218985319137573
img/things/pasta.png,pasta.png,0.8282108306884766
img/things/pastry.png,pastry.png,0.8497394919395447
img/things/patch.png,patch.png,0.7012760639190674
img/things/patty.png,patty.png,0.8597061634063721
img/things/payphone.png,payphone.png,0.7390026450157166
img/things/pea.png,pea.png,0.9618569016456604
img/things/peach.png,peach.png,0.8623006343841553
img/things/peacock.png,peacock.png,0.8167238831520081
img/things/peanut.png,peanut.png,0.8601614832878113
img/things/peanut_butter.png,peanut_butter.png,0.9153933525085449
img/things/pear.png,pear.png,0.7954684495925903
img/things/pearl.png,pearl.png,0.8540337085723877
img/things/pecan.png,pecan.png,0.8710587024688721
img/things/pedal.png,pedal.png,0.8195176720619202
img/things/pedometer.png,pedometer.png,0.8203023076057434
img/things/peeler.png,peeler.png,0.8655865788459778
img/things/peg.png,peg.png,0.8452358841896057
img/things/pelican.png,pelican.png,0.7924757599830627
img/things/pen.png,pen.png,0.8494924306869507
img/things/pencil.png,pencil.png,0.952406108379364
img/things/pencil_sharpener.png,pencil_sharpener.png,0.8903447985649109
img/things/pendulum.png,pendulum.png,0.7905142307281494
img/things/penguin.png,penguin.png,0.7425671815872192
img/things/penholder.png,penholder.png,0.9236947894096375
img/things/penlight.png,penlight.png,0.8941866159439087
img/things/pennant.png,pennant.png,0.8319462537765503
img/things/pepper1.png,pepper1.png,0.8846745491027832
img/things/pepper2.png,pepper2.png,0.8154819011688232
img/things/pepper_mill.png,pepper_mill.png,0.8909936547279358
img/things/peppermint.png,peppermint.png,0.782272458076477
img/things/pepperoni.png,pepperoni.png,0.9616509079933167
img/things/perfume.png,perfume.png,0.8234845995903015
img/things/periscope.png,periscope.png,0.7326533198356628
img/things/pesto.png,pesto.png,0.8508862257003784
img/things/pet_food.png,pet_food.png,0.9580857753753662
img/things/petal.png,petal.png,0.7504625916481018
img/things/petri_dish.png,petri_dish.png,0.8434343338012695
img/things/pheasant.png,pheasant.png,0.8109140396118164
img/things/phone.png,phone.png,0.871780514717102
img/things/phone_booth.png,phone_booth.png,0.7822420597076416
img/things/photo_booth.png,photo_booth.png,0.6188408732414246
img/things/photograph.png,photograph.png,0.6983413696289062
img/things/piano.png,piano.png,0.7924296259880066
img/things/pickax.png,pickax.png,0.8942016959190369
img/things/pickle.png,pickle.png,0.9529261589050293
img/things/pie.png,pie.png,0.7756258845329285
img/things/piecrust.png,piecrust.png,0.7977030873298645
img/things/pig.png,pig.png,0.9350002408027649
img/things/pigeon.png,pigeon.png,0.7791840434074402
img/things/piggy_bank.png,piggy_bank.png,0.8798571228981018
img/things/piglet.png,piglet.png,0.9525527358055115
img/things/pill.png,pill.png,0.8100072741508484
img/things/pillbox.png,pillbox.png,0.8952861428260803
img/things/pillow.png,pillow.png,0.857668936252594
img/things/pin.png,pin.png,0.9034705758094788
img/things/pinball.png,pinball.png,0.6168441772460938
img/things/pincushion.png,pincushion.png,0.8206421136856079
img/things/pine_needle.png,pine_needle.png,0.799353301525116
img/things/pine_tree.png,pine_tree.png,0.72407466173172
img/things/pineapple.png,pineapple.png,0.8772169351577759
img/things/pinecone.png,pinecone.png,0.8569201231002808
img/things/ping-pong_table.png,ping-pong_table.png,0.7908039689064026
img/things/pinwheel.png,pinwheel.png,0.832874596118927
img/things/pipe1.png,pipe1.png,0.8619389533996582
img/things/pipe2.png,pipe2.png,0.8554733395576477
img/things/pistachio.png,pistachio.png,0.7792022824287415
img/things/pita.png,pita.png,0.7739267945289612
img/things/pitcher.png,pitcher.png,0.7542996406555176
img/things/pitchfork.png,pitchfork.png,0.8864173293113708
img/things/pizza.png,pizza.png,0.8213682174682617
img/things/place_mat.png,place_mat.png,0.7475581169128418
img/things/plant.png,plant.png,0.7826023101806641
img/things/plaster_cast.png,plaster_cast.png,0.8802545070648193
img/things/plastic_film.png,plastic_film.png,0.8901004791259766
img/things/plate.png,plate.png,0.8859484195709229
img/things/platypus.png,platypus.png,0.7314209342002869
img/things/playing_card.png,playing_card.png,0.8606480360031128
img/things/playpen.png,playpen.png,0.7696227431297302
img/things/pliers.png,pliers.png,0.9305067658424377
img/things/plug.png,plug.png,0.9416029453277588
img/things/plum.png,plum.png,0.987496018409729
img/things/plunger.png,plunger.png,0.9556236863136292
img/things/pocket.png,pocket.png,0.9055002927780151
img/things/pocket_watch.png,pocket_watch.png,0.7311144471168518
img/things/pocketknife.png,pocketknife.png,0.9390897750854492
img/things/pogo_stick.png,pogo_stick.png,0.8918516039848328
img/things/poinsettia.png,poinsettia.png,0.7530019879341125
img/things/poker.png,poker.png,0.9602243304252625
img/things/polar_bear.png,polar_bear.png,0.8614728450775146
img/things/polaroid.png,polaroid.png,0.7613332867622375
img/things/pole.png,pole.png,0.6977263689041138
img/things/police_car.png,police_car.png,0.8023117184638977
img/things/polisher.png,polisher.png,0.7792921662330627
img/things/polo_shirt.png,polo_shirt.png,0.860779881477356
img/things/polygraph.png,polygraph.png,0.8697558045387268
img/things/pom-pom.png,pom-pom.png,0.8253586888313293
img/things/pomegranate.png,pomegranate.png,0.8286479711532593
img/things/pony.png,pony.png,0.7992333769798279
img/things/poodle.png,poodle.png,0.8907138705253601
img/things/pool_table.png,pool_table.png,0.7876051068305969
img/things/popcorn.png,popcorn.png,0.9374151825904846
img/things/poppy.png,poppy.png,0.7737772464752197
img/things/popsicle.png,popsicle.png,0.9429784417152405
img/things/porcupine.png,porcupine.png,0.8901330232620239
img/things/porthole.png,porthole.png,0.6694754362106323
img/things/possum.png,possum.png,0.8674989342689514
img/things/poster.png,poster.png,0.7184122204780579
img/things/pot.png,pot.png,0.8617337346076965
img/things/potato.png,potato.png,0.8685858249664307
img/things/potholder.png,potholder.png,0.9225775003433228
img/things/pothole.png,pothole.png,0.6822594404220581
img/things/potpie.png,potpie.png,0.8607496619224548
img/things/potpourri.png,potpourri.png,0.6174896359443665
img/things/powder.png,powder.png,0.8875579833984375
img/things/power_line.png,power_line.png,0.6067980527877808
img/things/pretzel.png,pretzel.png,0.9472696781158447
img/things/printer.png,printer.png,0.7446136474609375
img/things/prism.png,prism.png,0.84800785779953
img/things/projector.png,projector.png,0.8499602675437927
img/things/propeller.png,propeller.png,0.7817761898040771
img/things/prune.png,prune.png,0.8991050720214844
img/things/puck.png,puck.png,0.9029017090797424
img/things/pudding.png,pudding.png,0.9268292188644409
img/things/puddle.png,puddle.png,0.5746365189552307
img/things/puffin.png,puffin.png,0.8310446739196777
img/things/pug.png,pug.png,0.773639440536499
img/things/pulley.png,pulley.png,0.8246183395385742
img/things/pulpit.png,pulpit.png,0.6162207126617432
img/things/pump.png,pump.png,0.922658383846283
img/things/pumpkin.png,pumpkin.png,0.9483595490455627
img/things/punch1.png,punch1.png,0.9279624819755554
img/things/punch2.png,punch2.png,0.87204509973526
img/things/punching_bag.png,punching_bag.png,0.9048313498497009
img/things/puppet.png,puppet.png,0.7484592795372009
img/things/puppy.png,puppy.png,0.7621141076087952
img/things/purse.png,purse.png,0.8580282926559448
img/things/quad.png,quad.png,0.7591350674629211
img/things/quesadilla.png,quesadilla.png,0.7401392459869385
img/things/quiche.png,quiche.png,0.7974832057952881
img/things/quill.png,quill.png,0.8782275915145874
img/things/quilt.png,quilt.png,0.6879940032958984
img/things/rabbit.png,rabbit.png,0.9046826362609863
img/things/raccoon.png,raccoon.png,0.7206679582595825
img/things/racehorse.png,racehorse.png,0.6978451609611511
img/things/rack1.png,rack1.png,0.8984639048576355
img/things/rack2.png,rack2.png,0.9229447841644287
img/things/racket.png,racket.png,0.8467630743980408
img/things/radar.png,radar.png,0.8203710317611694
img/things/radiator.png,radiator.png,0.8753947615623474
img/things/radio.png,radio.png,0.9266363382339478
img/things/radish.png,radish.png,0.9042239189147949
img/things/raft.png,raft.png,0.7694302797317505
img/things/rag.png,rag.png,0.8326135873794556
img/things/railing.png,railing.png,0.8425719141960144
img/things/rain_gauge.png,rain_gauge.png,0.8460890054702759
img/things/raincoat.png,raincoat.png,0.7648077011108398
img/things/raisin.png,raisin.png,0.8505188822746277
img/things/rake.png,rake.png,0.6574960350990295
img/things/ram.png,ram.png,0.759126603603363
img/things/ramp.png,ramp.png,0.801136314868927
img/things/raspberry.png,raspberry.png,0.830893874168396
img/things/rat.png,rat.png,0.9516998529434204
img/things/ratchet.png,ratchet.png,0.8881630897521973
img/things/rattle.png,rattle.png,0.9217507243156433
img/things/ravioli.png,ravioli.png,0.7165724039077759
img/things/razor.png,razor.png,0.8871892094612122
img/things/razor_blade.png,razor_blade.png,0.8722313046455383
img/things/ready_meal.png,ready_meal.png,0.7933631539344788
img/things/rearview_mirror.png,rearview_mirror.png,0.9547834396362305
img/things/recliner.png,recliner.png,0.8197158575057983
img/things/record.png,record.png,0.8448421955108643
img/things/record_player.png,record_player.png,0.7266549468040466
img/things/recorder.png,recorder.png,0.9102131128311157
img/things/red_carpet.png,red_carpet.png,0.870983362197876
img/things/reel.png,reel.png,0.7933394312858582
img/things/refrigerator.png,refrigerator.png,0.8682105541229248
img/things/reindeer.png,reindeer.png,0.6895478963851929
img/things/remote_control.png,remote_control.png,0.8385623693466187
img/things/retainer.png,retainer.png,0.9202953577041626
img/things/revolver.png,revolver.png,0.8415749669075012
img/things/revolving_door.png,revolving_door.png,0.8181233406066895
img/things/rhinoceros.png,rhinoceros.png,0.7426666021347046
img/things/rhubarb.png,rhubarb.png,0.739684522151947
img/things/ribbon.png,ribbon.png,0.9177695512771606
img/things/rice.png,rice.png,0.8279321789741516
img/things/rickshaw.png,rickshaw.png,0.7181591391563416
img/things/rifle.png,rifle.png,0.8083907961845398
img/things/rim.png,rim.png,0.7162646055221558
img/things/ring.png,ring.png,0.8666996955871582
img/things/riser.png,riser.png,0.7177187204360962
img/things/road_sign.png,road_sign.png,0.9328972101211548
img/things/roadsweeper.png,roadsweeper.png,0.6992657780647278
img/things/robe.png,robe.png,0.8893598914146423
img/things/robot.png,robot.png,0.8123334050178528
img/things/rock.png,rock.png,0.8845454454421997
img/things/rocket.png,rocket.png,0.8005067706108093
img/things/rocking_chair.png,rocking_chair.png,0.7761369347572327
img/things/rocking_horse.png,rocking_horse.png,0.8259254097938538
img/things/roll.png,roll.png,0.8594712615013123
img/things/roller.png,roller.png,0.8224191069602966
img/things/roller_coaster.png,roller_coaster.png,0.7235327363014221
img/things/rollerblade.png,rollerblade.png,0.8778367638587952
img/things/rollerskate.png,rollerskate.png,0.8394786715507507
img/things/rolling_pin.png,rolling_pin.png,0.9179273843765259
img/things/roof_rack.png,roof_rack.png,0.8157209157943726
img/things/rooster.png,rooster.png,0.8932761549949646
img/things/root.png,root.png,0.7925739884376526
img/things/rope.png,rope.png,0.9287612438201904
img/things/rosary.png,rosary.png,0.884579598903656
img/things/rose.png,rose.png,0.6848495602607727
img/things/roulette_wheel.png,roulette_wheel.png,0.8972428441047668
img/things/router.png,router.png,0.9081032276153564
img/things/rubber_band.png,rubber_band.png,0.8541668057441711
img/things/ruby.png,ruby.png,0.801852822303772
img/things/rudder.png,rudder.png,0.7066261768341064
img/things/rug.png,rug.png,0.7541346549987793
img/things/ruler.png,ruler.png,0.938622772693634
img/things/rust.png,rust.png,0.6760533452033997
img/things/saddle.png,saddle.png,0.7894932627677917
img/things/safety_pin.png,safety_pin.png,0.9296126365661621
img/things/saffron.png,saffron.png,0.7300227284431458
img/things/sail.png,sail.png,0.6241255402565002
img/things/sailboat.png,sailboat.png,0.725186824798584
img/things/salad.png,salad.png,0.6730839014053345
img/things/salami.png,salami.png,0.9373401999473572
img/things/saltshaker.png,saltshaker.png,0.8452141880989075
img/things/sand.png,sand.png,0.8471463918685913
img/things/sandal.png,sandal.png,0.8440924286842346
img/things/sandbag.png,sandbag.png,0.8573403358459473
img/things/sandbox.png,sandbox.png,0.7734268307685852
img/things/sandcastle.png,sandcastle.png,0.766711950302124
img/things/sandpaper.png,sandpaper.png,0.9304555654525757
img/things/sandwich.png,sandwich.png,0.8022136688232422
img/things/sarcophagus.png,sarcophagus.png,0.9559569358825684
img/things/sardine.png,sardine.png,0.7916508316993713
img/things/satellite.png,satellite.png,0.7818349599838257
img/things/satellite_dish.png,satellite_dish.png,0.929186224937439
img/things/sauce.png,sauce.png,0.9503148794174194
img/things/saucer.png,saucer.png,0.9337708353996277
img/things/sauerkraut.png,sauerkraut.png,0.7501870393753052
img/things/sausage.png,sausage.png,0.9165149927139282
img/things/saw.png,saw.png,0.8600431680679321
img/things/sawhorse.png,sawhorse.png,0.7837753891944885
img/things/saxophone.png,saxophone.png,0.7193962931632996
img/things/scaffold.png,scaffold.png,0.7375515699386597
img/things/scaffolding.png,scaffolding.png,0.6931132078170776
img/things/scale.png,scale.png,0.922385573387146
img/things/scallion.png,scallion.png,0.8271417021751404
img/things/scallop.png,scallop.png,0.7335131764411926
img/things/scalpel.png,scalpel.png,0.8824547529220581
img/things/scanner.png,scanner.png,0.7339823842048645
img/things/scarecrow.png,scarecrow.png,0.722213625907898
img/things/scarf.png,scarf.png,0.8444348573684692
img/things/school_bus.png,school_bus.png,0.796286404132843
img/things/scissors.png,scissors.png,0.8258216381072998
img/things/scone.png,scone.png,0.7088415026664734
img/things/scoop.png,scoop.png,0.8914120197296143
img/things/scooter.png,scooter.png,0.7634831666946411
img/things/scoreboard.png,scoreboard.png,0.7880620360374451
img/things/scrabble.png,scrabble.png,0.7724717855453491
img/things/scrambled_egg.png,scrambled_egg.png,0.6677414178848267
img/things/scraper.png,scraper.png,0.7768416404724121
img/things/screen1.png,screen1.png,0.7813764810562134
img/things/screen2.png,screen2.png,0.8129802942276001
img/things/screw.png,screw.png,0.9112040400505066
img/things/screwdriver.png,screwdriver.png,0.8549337387084961
img/things/scuba.png,scuba.png,0.6888704299926758
img/things/seafood.png,seafood.png,0.6128273010253906
img/things/seagull.png,seagull.png,0.8255731463432312
img/things/seahorse.png,seahorse.png,0.8008142709732056
img/things/seal.png,seal.png,0.7903351783752441
img/things/seaplane.png,seaplane.png,0.6708250641822815
img/things/seatbelt.png,seatbelt.png,0.8086047768592834
img/things/seaweed.png,seaweed.png,0.8132793307304382
img/things/seed.png,seed.png,0.7845109701156616
img/things/seesaw.png,seesaw.png,0.7595038414001465
img/things/seismograph.png,seismograph.png,0.8532882928848267
img/things/sequin.png,sequin.png,0.6366859078407288
img/things/sewage.png,sewage.png,0.5868571996688843
img/things/sewing_kit.png,sewing_kit.png,0.8612272143363953
img/things/sewing_machine.png,sewing_machine.png,0.7897125482559204
img/things/shaker.png,shaker.png,0.881429135799408
img/things/shark.png,shark.png,0.7608574032783508
img/things/shaving_cream.png,shaving_cream.png,0.8151063919067383
img/things/shawl.png,shawl.png,0.7807129621505737
img/things/shears.png,shears.png,0.6793776154518127
img/things/sheath.png,sheath.png,0.8939535617828369
img/things/sheep.png,sheep.png,0.7465122938156128
img/things/sheet.png,sheet.png,0.7637962102890015
img/things/shelf.png,shelf.png,0.715354859828949
img/things/shell1.png,shell1.png,0.7722152471542358
img/things/shell2.png,shell2.png,0.838534414768219
img/things/shell3.png,shell3.png,0.7933309078216553
img/things/shield.png,shield.png,0.8790473937988281
img/things/ship.png,ship.png,0.8101374506950378
img/things/shirt.png,shirt.png,0.886525571346283
img/things/shoe.png,shoe.png,0.893867552280426
img/things/shoe_polish.png,shoe_polish.png,0.7297580242156982
img/things/shoehorn.png,shoehorn.png,0.9079787731170654
img/things/shoelace.png,shoelace.png,0.9244077205657959
img/things/shopping_basket.png,shopping_basket.png,0.922035276889801
img/things/shopping_cart.png,shopping_cart.png,0.8891768455505371
img/things/shortbread.png,shortbread.png,0.9298111200332642
img/things/shorts.png,shorts.png,0.8613729476928711
img/things/shoulder.png,shoulder.png,0.8848195672035217
img/things/shovel.png,shovel.png,0.8271443843841553
img/things/shower.png,shower.png,0.6596435904502869
img/things/shower_cap.png,shower_cap.png,0.8753548860549927
img/things/shower_curtain.png,shower_curtain.png,0.8786810636520386
img/things/showerhead.png,showerhead.png,0.8950437903404236
img/things/shredder.png,shredder.png,0.8456354141235352
img/things/shrimp.png,shrimp.png,0.926338791847229
img/things/shuffleboard.png,shuffleboard.png,0.5582473278045654
img/things/shutter.png,shutter.png,0.7577608823776245
img/things/sickle.png,sickle.png,0.9013113975524902
img/things/sidecar.png,sidecar.png,0.8819107413291931
img/things/sifter.png,sifter.png,0.9313942790031433
img/things/silicone.png,silicone.png,0.8557232618331909
img/things/silverware.png,silverware.png,0.8466966152191162
img/things/sim_card.png,sim_card.png,0.8293874263763428
img/things/sink.png,sink.png,0.8441517949104309
img/things/siren.png,siren.png,0.8890448808670044
img/things/skateboard.png,skateboard.png,0.9043707847595215
img/things/skeleton.png,skeleton.png,0.9320303797721863
img/things/skewer.png,skewer.png,0.9041094779968262
img/things/ski.png,ski.png,0.8532896637916565
img/things/ski_boots.png,ski_boots.png,0.6672612428665161
img/things/ski_lift.png,ski_lift.png,0.8322431445121765
img/things/ski_pole.png,ski_pole.png,0.6750396490097046
img/things/skin.png,skin.png,0.9052308797836304
img/things/skirt.png,skirt.png,0.8706199526786804
img/things/skull.png,skull.png,0.9046642780303955
img/things/skunk.png,skunk.png,0.8287999033927917
img/things/sled.png,sled.png,0.631460428237915
img/things/sledgehammer.png,sledgehammer.png,0.9081482291221619
img/things/sleeping_bag.png,sleeping_bag.png,0.9385298490524292
img/things/slicer.png,slicer.png,0.7508823275566101
img/things/slide.png,slide.png,0.9318681359291077
img/things/slime.png,slime.png,0.7648590207099915
img/things/sling.png,sling.png,0.8576368093490601
img/things/slingshot.png,slingshot.png,0.8753382563591003
img/things/slipper.png,slipper.png,0.9301456809043884
img/things/slot.png,slot.png,0.7814386487007141
img/things/slot_machine.png,slot_machine.png,0.8108215928077698
img/things/sloth.png,sloth.png,0.9308176636695862
img/things/slug.png,slug.png,0.9479589462280273
img/things/smoke_alarm.png,smoke_alarm.png,0.7722280025482178
img/things/smoothie.png,smoothie.png,0.9180946350097656
img/things/snack.png,snack.png,0.9493269324302673
img/things/snail.png,snail.png,0.8941054344177246
img/things/snorkel.png,snorkel.png,0.8849923610687256
img/things/snow.png,snow.png,0.6612482070922852
img/things/snowball.png,snowball.png,0.7941791415214539
img/things/snowboard.png,snowboard.png,0.7138131260871887
img/things/snowman.png,snowman.png,0.7289814949035645
img/things/snowmobile.png,snowmobile.png,0.8116868138313293
img/things/snowplow.png,snowplow.png,0.7040073871612549
img/things/snowshoe.png,snowshoe.png,0.6804208159446716
img/things/snowsuit.png,snowsuit.png,0.8133907914161682
img/things/soap.png,soap.png,0.897807240486145
img/things/soccer_ball.png,soccer_ball.png,0.8366814255714417
img/things/sock.png,sock.png,0.9319860339164734
img/things/soda.png,soda.png,0.9352673888206482
img/things/soda_fountain.png,soda_fountain.png,0.8449556231498718
img/things/sofa_bed.png,sofa_bed.png,0.8538083434104919
img/things/solar_panel.png,solar_panel.png,0.7126392126083374
img/things/soldering_iron.png,soldering_iron.png,0.9218040704727173
img/things/sombrero.png,sombrero.png,0.6948508024215698
img/things/sonogram.png,sonogram.png,0.720687747001648
img/things/sorbet.png,sorbet.png,0.956271231174469
img/things/souffle.png,souffle.png,0.8835271596908569
img/things/soup.png,soup.png,0.8883474469184875
img/things/soy_sauce.png,soy_sauce.png,0.7714412212371826
img/things/space_shuttle.png,space_shuttle.png,0.7245855927467346
img/things/spacesuit.png,spacesuit.png,0.6798083782196045
img/things/spaghetti.png,spaghetti.png,0.9177062511444092
img/things/spam.png,spam.png,0.9404678344726562
img/things/spareribs.png,spareribs.png,0.9041783809661865
img/things/spark_plug.png,spark_plug.png,0.7809504866600037
img/things/sparkler.png,sparkler.png,0.7255547642707825
img/things/spatula.png,spatula.png,0.9580605030059814
img/things/speaker.png,speaker.png,0.9272099137306213
img/things/spear.png,spear.png,0.7160590887069702
img/things/speedboat.png,speedboat.png,0.7252616882324219
img/things/speedometer.png,speedometer.png,0.8109559416770935
img/things/spinach.png,spinach.png,0.8177193403244019
img/things/splinter.png,splinter.png,0.8872073888778687
img/things/sponge.png,sponge.png,0.958533763885498
img/things/spool.png,spool.png,0.7732670307159424
img/things/spoon.png,spoon.png,0.8508493304252625
img/things/spout.png,spout.png,0.664066731929779
img/things/spring_roll.png,spring_roll.png,0.8706731200218201
img/things/springboard.png,springboard.png,0.8869042992591858
img/things/sprinkler.png,sprinkler.png,0.828715443611145
img/things/sprouts.png,sprouts.png,0.9681655168533325
img/things/spur.png,spur.png,0.8857593536376953
img/things/squash.png,squash.png,0.698589026927948
img/things/squeegee.png,squeegee.png,0.936180830001831
img/things/squid.png,squid.png,0.9431999325752258
img/things/squirrel.png,squirrel.png,0.8781326413154602
img/things/squirt_gun.png,squirt_gun.png,0.8749122619628906
img/things/stained_glass.png,stained_glass.png,0.6950863599777222
img/things/stair.png,stair.png,0.9012156128883362
img/things/stake.png,stake.png,0.842766284942627
img/things/stalagmite.png,stalagmite.png,0.8369651436805725
img/things/stamp1.png,stamp1.png,0.8411601781845093
img/things/stamp2.png,stamp2.png,0.8244940042495728
img/things/staple.png,staple.png,0.7766788005828857
img/things/staple_gun.png,staple_gun.png,0.8616585731506348
img/things/stapler.png,stapler.png,0.8501999974250793
img/things/star_fruit.png,star_fruit.png,0.9505022168159485
img/things/starfish.png,starfish.png,0.9096739888191223
img/things/station_wagon.png,station_wagon.png,0.7095794677734375
img/things/statue.png,statue.png,0.8457647562026978
img/things/steak.png,steak.png,0.8073395490646362
img/things/steamroller.png,steamroller.png,0.7287901639938354
img/things/steering_wheel.png,steering_wheel.png,0.718012809753418
img/things/stem.png,stem.png,0.695452868938446
img/things/step_stool.png,step_stool.png,0.8302891254425049
img/things/stereo.png,stereo.png,0.8378031849861145
img/things/stethoscope.png,stethoscope.png,0.9055479764938354
img/things/stew.png,stew.png,0.8238458037376404
img/things/stick.png,stick.png,0.8535170555114746
img/things/sticker.png,sticker.png,0.6948531270027161
img/things/stiletto.png,stiletto.png,0.9122733473777771
img/things/stilt.png,stilt.png,0.7420220971107483
img/things/stingray.png,stingray.png,0.5935327410697937
img/things/stir_fry.png,stir_fry.png,0.7326294779777527
img/things/stirrup.png,stirrup.png,0.7997581362724304
img/things/stockings.png,stockings.png,0.9103220105171204
img/things/stomach.png,stomach.png,0.9342719316482544
img/things/stool.png,stool.png,0.9070202708244324
img/things/stopwatch.png,stopwatch.png,0.8941213488578796
img/things/stove1.png,stove1.png,0.7178556323051453
img/things/stove2.png,stove2.png,0.793326199054718
img/things/straightjacket.png,straightjacket.png,0.8008342981338501
img/things/strainer.png,strainer.png,0.8802738189697266
img/things/strap.png,strap.png,0.7411196231842041
img/things/straw1.png,straw1.png,0.8394805788993835
img/things/straw2.png,straw2.png,0.9024794697761536
img/things/strawberry.png,strawberry.png,0.88368159532547
img/things/streetlight.png,streetlight.png,0.8749626278877258
img/things/stretcher.png,stretcher.png,0.8722415566444397
img/things/string_cheese.png,string_cheese.png,0.856456458568573
img/things/stroller.png,stroller.png,0.879522442817688
img/things/stuffing.png,stuffing.png,0.619191586971283
img/things/stump.png,stump.png,0.7062927484512329
img/things/submarine.png,submarine.png,0.5887311100959778
img/things/subway.png,subway.png,0.8741543292999268
img/things/sugar_cube.png,sugar_cube.png,0.8842265009880066
img/things/suit.png,suit.png,0.8117179870605469
img/things/suitcase.png,suitcase.png,0.8461445569992065
img/things/sundae.png,sundae.png,0.8400771617889404
img/things/sundial.png,sundial.png,0.9030272960662842
img/things/sunflower.png,sunflower.png,0.7040015459060669
img/things/sunglasses.png,sunglasses.png,0.8499788045883179
img/things/sunroof.png,sunroof.png,0.7111545205116272
img/things/surfboard.png,surfboard.png,0.7548130750656128
img/things/sushi.png,sushi.png,0.8145712614059448
img/things/suspenders.png,suspenders.png,0.7847827076911926
img/things/swab.png,swab.png,0.8525645732879639
img/things/swan.png,swan.png,0.8008936643600464
img/things/sweater.png,sweater.png,0.8270759582519531
img/things/sweatsuit.png,sweatsuit.png,0.9008989334106445
img/things/sweeper.png,sweeper.png,0.9121810793876648
img/things/sweet_potato.png,sweet_potato.png,0.9446538090705872
img/things/swimming_pool.png,swimming_pool.png,0.6963844299316406
img/things/swimsuit.png,swimsuit.png,0.7390555739402771
img/things/swing.png,swing.png,0.8132747411727905
img/things/swing_set.png,swing_set.png,0.6364509463310242
img/things/switch.png,switch.png,0.9375611543655396
img/things/swizzle_stick.png,swizzle_stick.png,0.8927621245384216
img/things/sword.png,sword.png,0.7999417781829834
img/things/swordfish.png,swordfish.png,0.7806077599525452
img/things/syringe.png,syringe.png,0.9068416357040405
img/things/syrup.png,syrup.png,0.8667910695075989
img/things/t-shirt.png,t-shirt.png,0.8867349028587341
img/things/tab.png,tab.png,0.8185080885887146
img/things/table.png,table.png,0.828389048576355
img/things/tablecloth.png,tablecloth.png,0.7960384488105774
img/things/tablet.png,tablet.png,0.7900279760360718
img/things/tack.png,tack.png,0.798637866973877
img/things/tackle.png,tackle.png,0.9533739686012268
img/things/taco.png,taco.png,0.7271506786346436
img/things/tadpole.png,tadpole.png,0.7485145926475525
img/things/taffy.png,taffy.png,0.7406227588653564
img/things/tag.png,tag.png,0.8114764094352722
img/things/taillight.png,taillight.png,0.7707193493843079
img/things/tamale.png,tamale.png,0.8606599569320679
img/things/tambourine.png,tambourine.png,0.8637679219245911
img/things/tank1.png,tank1.png,0.8306853771209717
img/things/tank2.png,tank2.png,0.7991688847541809
img/things/tape.png,tape.png,0.8977342247962952
img/things/tape_measure.png,tape_measure.png,0.8000285625457764
img/things/tape_recorder.png,tape_recorder.png,0.759648323059082
img/things/tapestry.png,tapestry.png,0.5896093249320984
img/things/target.png,target.png,0.861487090587616
img/things/tarp.png,tarp.png,0.7684846520423889
img/things/tattoo.png,tattoo.png,0.8178561329841614
img/things/taxi.png,taxi.png,0.7335928678512573
img/things/tea.png,tea.png,0.9166017174720764
img/things/teabag.png,teabag.png,0.9114288687705994
img/things/teacup.png,teacup.png,0.8283729553222656
img/things/teapot.png,teapot.png,0.8268563151359558
img/things/teddy_bear.png,teddy_bear.png,0.8497146964073181
img/things/tee.png,tee.png,0.8030168414115906
img/things/teepee.png,teepee.png,0.7253115773200989
img/things/telegraph.png,telegraph.png,0.6678783297538757
img/things/telephone_pole.png,telephone_pole.png,0.7372453808784485
img/things/telescope.png,telescope.png,0.8229817748069763
img/things/television.png,television.png,0.7298879027366638
img/things/tennis_ball.png,tennis_ball.png,0.7443292140960693
img/things/tent.png,tent.png,0.7040054798126221
img/things/terrarium.png,terrarium.png,0.7681542634963989
img/things/test_tube.png,test_tube.png,0.8721246719360352
img/things/thermometer.png,thermometer.png,0.8904814720153809
img/things/thermos.png,thermos.png,0.7914270162582397
img/things/thermostat.png,thermostat.png,0.7782896757125854
img/things/thimble.png,thimble.png,0.8520665764808655
img/things/thorn.png,thorn.png,0.7352147698402405
img/things/thread.png,thread.png,0.8896157741546631
img/things/throne.png,throne.png,0.7941470146179199
img/things/thumb.png,thumb.png,0.8948814272880554
img/things/thumbtack.png,thumbtack.png,0.8855804800987244
img/things/tiara.png,tiara.png,0.8772888779640198
img/things/ticktacktoe.png,ticktacktoe.png,0.9259828329086304
img/things/tie.png,tie.png,0.9084382653236389
img/things/tiger.png,tiger.png,0.8062440156936646
img/things/tile.png,tile.png,0.7633380889892578
img/things/timer.png,timer.png,0.8862327933311462
img/things/tinsel.png,tinsel.png,0.8121095299720764
img/things/tiramisu.png,tiramisu.png,0.8116952776908875
img/things/toad.png,toad.png,0.8423030972480774
img/things/toast.png,toast.png,0.9710487127304077
img/things/toaster.png,toaster.png,0.7575165629386902
img/things/toaster_oven.png,toaster_oven.png,0.7783311605453491
img/things/toe.png,toe.png,0.8764173984527588
img/things/toga.png,toga.png,0.7962416410446167
img/things/toilet.png,toilet.png,0.9050647616386414
img/things/toilet_paper.png,toilet_paper.png,0.9345174431800842
img/things/tomato.png,tomato.png,0.8578073382377625
img/things/tomato_sauce.png,tomato_sauce.png,0.7993634343147278
img/things/tongs.png,tongs.png,0.8864946365356445
img/things/tongue.png,tongue.png,0.9658612012863159
img/things/tool.png,tool.png,0.9229685068130493
img/things/toolbox.png,toolbox.png,0.6121834516525269
img/things/tooth.png,tooth.png,0.9719278216362
img/things/toothbrush.png,toothbrush.png,0.9229605793952942
img/things/toothpaste.png,toothpaste.png,0.8660956025123596
img/things/toothpick.png,toothpick.png,0.9117192029953003
img/things/top_hat.png,top_hat.png,0.7746405005455017
img/things/torch.png,torch.png,0.7584351897239685
img/things/torpedo.png,torpedo.png,0.817228376865387
img/things/torso.png,torso.png,0.9019797444343567
img/things/tortellini.png,tortellini.png,0.9139755368232727
img/things/tortilla.png,tortilla.png,0.8050062656402588
img/things/tostada.png,tostada.png,0.7033658027648926
img/things/totem_pole.png,totem_pole.png,0.788798451423645
img/things/toucan.png,toucan.png,0.8842127919197083
img/things/touchpad.png,touchpad.png,0.8726223707199097
img/things/towel.png,towel.png,0.854264497756958
img/things/towel_rack.png,towel_rack.png,0.8700273633003235
img/things/toy.png,toy.png,0.912234365940094
img/things/tractor.png,tractor.png,0.7258626818656921
img/things/traffic_light.png,traffic_light.png,0.8016384840011597
img/things/trailer.png,trailer.png,0.8099936246871948
img/things/train.png,train.png,0.821527898311615
img/things/train_car.png,train_car.png,0.748763382434845
img/things/train_set.png,train_set.png,0.8405582308769226
img/things/trampoline.png,trampoline.png,0.7065091729164124
img/things/trap.png,trap.png,0.7581077218055725
img/things/trapdoor.png,trapdoor.png,0.7117744088172913
img/things/trashcan.png,trashcan.png,0.8326402306556702
img/things/tray.png,tray.png,0.9034568667411804
img/things/treadmill.png,treadmill.png,0.9060279130935669
img/things/treasure.png,treasure.png,0.57097327709198
img/things/tree.png,tree.png,0.6499261260032654
img/things/tree_trunk.png,tree_trunk.png,0.6504142880439758
img/things/triangle.png,triangle.png,0.7965161204338074
img/things/tricycle.png,tricycle.png,0.9046388864517212
img/things/trident.png,trident.png,0.9071922302246094
img/things/trigger.png,trigger.png,0.8312367796897888
img/things/tripod.png,tripod.png,0.6940956115722656
img/things/trolley.png,trolley.png,0.7517563104629517
img/things/trombone.png,trombone.png,0.8290926814079285
img/things/trophy.png,trophy.png,0.7782116532325745
img/things/trough.png,trough.png,0.6775753498077393
img/things/trowel.png,trowel.png,0.8030503988265991
img/things/truck.png,truck.png,0.6639755964279175
img/things/trumpet.png,trumpet.png,0.810517430305481
img/things/trunk.png,trunk.png,0.6683874130249023
img/things/tuba.png,tuba.png,0.8766604661941528
img/things/tube_top.png,tube_top.png,0.8806581497192383
img/things/tugboat.png,tugboat.png,0.7644001245498657
img/things/tulip.png,tulip.png,0.7139438986778259
img/things/tumbleweed.png,tumbleweed.png,0.6730756759643555
img/things/tuning_fork.png,tuning_fork.png,0.9226499795913696
img/things/tupperware.png,tupperware.png,0.9431483149528503
img/things/turban.png,turban.png,0.7493706941604614
img/things/turbine.png,turbine.png,0.8533908128738403
img/things/turf.png,turf.png,0.8221341371536255
img/things/turkey.png,turkey.png,0.8100611567497253
img/things/turnstile.png,turnstile.png,0.9546599984169006
img/things/turntable.png,turntable.png,0.8547793626785278
img/things/turtle.png,turtle.png,0.9729071855545044
img/things/turtleneck.png,turtleneck.png,0.7832785844802856
img/things/tuxedo.png,tuxedo.png,0.9014254808425903
img/things/tweezers.png,tweezers.png,0.917217493057251
img/things/twig.png,twig.png,0.7101208567619324
img/things/typewriter.png,typewriter.png,0.8446455001831055
img/things/ukulele.png,ukulele.png,0.7497870922088623
img/things/umbrella.png,umbrella.png,0.7360808849334717
img/things/undershirt.png,undershirt.png,0.8599881529808044
img/things/underwear.png,underwear.png,0.9425017833709717
img/things/unicycle.png,unicycle.png,0.868576169013977
img/things/uniform.png,uniform.png,0.8446898460388184
img/things/urinal.png,urinal.png,0.945335328578949
img/things/urn.png,urn.png,0.8757117390632629
img/things/vacuum.png,vacuum.png,0.8561246395111084
img/things/valve.png,valve.png,0.7908838987350464
img/things/van.png,van.png,0.883263349533081
img/things/vase.png,vase.png,0.821238100528717
img/things/vegetable.png,vegetable.png,0.7621240615844727
img/things/veil.png,veil.png,0.7951791286468506
img/things/velcro.png,velcro.png,0.9051920771598816
img/things/vending_machine.png,vending_machine.png,0.7771431803703308
img/things/vent.png,vent.png,0.7499937415122986
img/things/vest.png,vest.png,0.8680708408355713
img/things/vial.png,vial.png,0.9066285490989685
img/things/videocassette.png,videocassette.png,0.7272459864616394
img/things/videogame.png,videogame.png,0.6588296294212341
img/things/viewfinder.png,viewfinder.png,0.866802453994751
img/things/violin.png,violin.png,0.8284127712249756
img/things/vise.png,vise.png,0.8377645015716553
img/things/visor.png,visor.png,0.9131203889846802
img/things/volleyball.png,volleyball.png,0.9190844893455505
img/things/vulture.png,vulture.png,0.9016174077987671
img/things/wafer.png,wafer.png,0.8836471438407898
img/things/waffle.png,waffle.png,0.8800527453422546
img/things/waffle_iron.png,waffle_iron.png,0.767911434173584
img/things/wagon.png,wagon.png,0.6823039054870605
img/things/walker1.png,walker1.png,0.6829469203948975
img/things/walker2.png,walker2.png,0.8189886212348938
img/things/wall.png,wall.png,0.7821008563041687
img/things/wallet.png,wallet.png,0.8224213123321533
img/things/wallpaper.png,wallpaper.png,0.7934363484382629
img/things/walnut.png,walnut.png,0.8631485104560852
img/things/walrus.png,walrus.png,0.8970625996589661
img/things/wand.png,wand.png,0.9374086260795593
img/things/warthog.png,warthog.png,0.7827993035316467
img/things/washboard.png,washboard.png,0.7854335904121399
img/things/washcloth.png,washcloth.png,0.8647075891494751
img/things/washing_machine.png,washing_machine.png,0.7791486978530884
img/things/watch.png,watch.png,0.8884977698326111
img/things/water_bottle.png,water_bottle.png,0.913760781288147
img/things/water_cooler.png,water_cooler.png,0.8356874585151672
img/things/water_filter.png,water_filter.png,0.9169124960899353
img/things/water_fountain.png,water_fountain.png,0.694463849067688
img/things/water_heater.png,water_heater.png,0.8602274656295776
img/things/watering_can.png,watering_can.png,0.9335236549377441
img/things/watermelon.png,watermelon.png,0.9202256798744202
img/things/waterwheel.png,waterwheel.png,0.7789143323898315
img/things/wax.png,wax.png,0.7142238616943359
img/things/wax_paper.png,wax_paper.png,0.8375853300094604
img/things/weasel.png,weasel.png,0.6866517066955566
img/things/weather_vane.png,weather_vane.png,0.7885661125183105
img/things/webcam.png,webcam.png,0.8642926812171936
img/things/wedding_cake.png,wedding_cake.png,0.8574658632278442
img/things/wedge.png,wedge.png,0.7792195081710815
img/things/weed.png,weed.png,0.756949245929718
img/things/wetsuit.png,wetsuit.png,0.8717201352119446
img/things/whale.png,whale.png,0.6425291895866394
img/things/wheat.png,wheat.png,0.7783206701278687
img/things/wheel.png,wheel.png,0.8099182844161987
img/things/wheelbarrow.png,wheelbarrow.png,0.8699933290481567
img/things/wheelchair.png,wheelchair.png,0.8123432397842407
img/things/whip.png,whip.png,0.8664024472236633
img/things/whipped_cream.png,whipped_cream.png,0.8369040489196777
img/things/whisk.png,whisk.png,0.8420882821083069
img/things/whistle.png,whistle.png,0.9513782262802124
img/things/whiteboard.png,whiteboard.png,0.8291122913360596
img/things/whoopee_cushion.png,whoopee_cushion.png,0.9227847456932068
img/things/wick.png,wick.png,0.8729250431060791
img/things/wig.png,wig.png,0.8164641857147217
img/things/wind_chimes.png,wind_chimes.png,0.707974910736084
img/things/window.png,window.png,0.8038516640663147
img/things/windowsill.png,windowsill.png,0.7288494110107422
img/things/windshield.png,windshield.png,0.6720814108848572
img/things/windshield_wiper.png,windshield_wiper.png,0.6435692310333252
img/things/windsock.png,windsock.png,0.9126421809196472
img/things/wine.png,wine.png,0.8240256905555725
img/things/wine_bottle.png,wine_bottle.png,0.8825284838676453
img/things/wine_cooler.png,wine_cooler.png,0.8087698817253113
img/things/wineglass.png,wineglass.png,0.9591130614280701
img/things/wing.png,wing.png,0.7309970855712891
img/things/wire.png,wire.png,0.8550252914428711
img/things/wire_cutters.png,wire_cutters.png,0.8293797373771667
img/things/wok.png,wok.png,0.761145830154419
img/things/wolf.png,wolf.png,0.8203195929527283
img/things/woman.png,woman.png,0.8669492602348328
img/things/wood.png,wood.png,0.7527284026145935
img/things/wooden_leg.png,wooden_leg.png,0.8741499781608582
img/things/workbench.png,workbench.png,0.8614606857299805
img/things/worm.png,worm.png,0.9169877767562866
img/things/wrap.png,wrap.png,0.7322289347648621
img/things/wrapping_paper.png,wrapping_paper.png,0.871131420135498
img/things/wreath.png,wreath.png,0.6929320693016052
img/things/wreck.png,wreck.png,0.6239044666290283
img/things/wrench.png,wrench.png,0.7668293118476868
img/things/wrist.png,wrist.png,0.6978826522827148
img/things/xylophone.png,xylophone.png,0.8589237332344055
img/things/yacht.png,yacht.png,0.7532248497009277
img/things/yak.png,yak.png,0.7332301735877991
img/things/yarn.png,yarn.png,0.7982470989227295
img/things/yo-yo.png,yo-yo.png,0.8555552363395691
img/things/yogurt.png,yogurt.png,0.8805698752403259
img/things/yoke.png,yoke.png,0.9312034249305725
img/things/yolk.png,yolk.png,0.8312090039253235
img/things/zebra.png,zebra.png,0.7028586268424988
img/things/zipper.png,zipper.png,0.8207234144210815
img/things/zucchini.png,zucchini.png,0.9795032739639282
